date,temperature_2m_max,temperature_2m_min,temperature_2m_mean,precipitation_sum,relative_humidity_2m_max,relative_humidity_2m_min,relative_humidity_2m_mean
2012-01-01,27.8,21.2,24.0,0.0,65,41,55
2012-01-02,28.7,19.6,23.4,0.0,76,43,60
2012-01-03,29.0,19.0,23.5,0.0,88,44,71
2012-01-04,28.8,17.5,22.7,0.0,96,42,75
2012-01-05,30.3,18.2,23.8,0.0,81,35,62
2012-01-06,29.6,18.0,23.4,0.0,87,39,65
2012-01-07,28.7,18.8,23.0,0.0,92,41,71
2012-01-08,28.3,17.8,22.7,0.0,86,30,59
2012-01-09,27.3,18.2,22.0,0.0,67,24,45
2012-01-10,28.3,17.8,22.7,0.0,69,30,52
2012-01-11,29.4,18.6,23.3,0.0,59,25,46
2012-01-12,29.5,18.3,23.4,0.0,59,23,45
2012-01-13,29.9,18.6,23.6,0.0,57,22,45
2012-01-14,29.8,16.7,23.0,0.0,76,24,54
2012-01-15,29.4,16.8,22.7,0.0,83,31,62
2012-01-16,28.2,17.1,22.3,0.0,83,34,65
2012-01-17,27.4,16.5,21.8,0.0,93,46,74
2012-01-18,25.1,17.6,21.1,0.0,95,49,71
2012-01-19,24.6,15.9,20.5,0.0,92,51,70
2012-01-20,26.9,16.3,21.4,0.0,82,30,59
2012-01-21,29.1,16.8,22.4,0.0,78,30,57
2012-01-22,26.3,19.2,22.3,0.0,98,59,77
2012-01-23,27.9,17.0,22.0,0.0,93,39,70
2012-01-24,29.9,18.6,23.7,0.0,74,34,57
2012-01-25,28.0,18.9,23.1,0.0,84,42,65
2012-01-26,28.0,18.5,22.9,0.0,92,39,66
2012-01-27,28.2,19.0,23.1,0.0,65,38,54
2012-01-28,27.5,18.7,22.5,0.0,83,33,56
2012-01-29,26.7,18.0,21.7,0.0,71,25,48
2012-01-30,28.6,15.7,21.9,0.0,86,37,66
2012-01-31,30.0,19.5,24.3,0.0,80,44,64
2012-02-01,31.2,21.2,25.6,0.0,74,38,57
2012-02-02,31.4,21.2,25.8,0.0,71,34,55
2012-02-03,31.4,20.7,25.6,0.0,71,32,55
2012-02-04,30.3,20.2,24.7,0.0,81,41,59
2012-02-05,30.2,20.0,24.6,0.0,79,38,60
2012-02-06,29.1,20.7,24.3,0.0,73,42,58
2012-02-07,27.4,20.2,23.4,0.0,66,36,49
2012-02-08,25.9,17.7,21.3,0.0,44,18,32
2012-02-09,28.1,16.2,21.5,0.0,45,19,34
2012-02-10,30.0,17.0,22.9,0.0,55,23,42
2012-02-11,30.4,17.0,22.9,0.0,84,30,57
2012-02-12,27.4,19.1,22.6,0.0,96,52,77
2012-02-13,27.9,16.3,22.5,0.0,98,41,75
2012-02-14,29.1,17.7,23.0,0.0,91,48,69
2012-02-15,29.4,19.0,23.6,0.0,82,35,58
2012-02-16,28.5,16.6,22.5,0.0,89,28,56
2012-02-17,30.5,17.7,23.5,0.0,70,24,48
2012-02-18,32.7,17.0,24.8,0.0,85,30,58
2012-02-19,33.1,19.7,26.2,0.0,78,34,55
2012-02-20,33.6,21.6,27.0,0.0,68,32,51
2012-02-21,34.2,21.9,27.3,0.0,61,27,46
2012-02-22,34.1,21.0,27.2,0.0,67,25,45
2012-02-23,33.5,21.7,26.8,0.0,60,27,46
2012-02-24,32.1,21.4,26.2,0.0,64,28,45
2012-02-25,33.2,20.8,26.4,0.0,57,26,41
2012-02-26,33.7,21.6,27.0,0.0,49,25,40
2012-02-27,33.9,20.7,26.7,0.0,62,26,45
2012-02-28,30.4,19.6,24.5,0.0,88,36,61
2012-02-29,28.1,20.4,23.6,0.0,91,51,73
2012-03-01,28.3,17.2,22.8,0.0,99,34,67
2012-03-02,27.4,17.1,22.1,0.0,91,44,72
2012-03-03,28.6,18.9,23.0,0.0,97,50,77
2012-03-04,31.4,19.1,24.8,0.0,97,38,69
2012-03-05,34.1,20.6,26.6,0.0,77,29,55
2012-03-06,30.0,19.1,24.2,0.0,91,38,66
2012-03-07,27.7,20.1,23.2,0.0,94,47,72
2012-03-08,27.3,16.6,22.8,0.0,91,50,66
2012-03-09,28.5,17.1,23.1,0.0,96,37,64
2012-03-10,31.3,19.6,24.8,0.0,54,19,41
2012-03-11,29.5,18.8,23.9,0.0,82,37,60
2012-03-12,29.3,18.8,23.9,0.0,93,40,65
2012-03-13,33.0,19.7,26.0,0.0,86,22,52
2012-03-14,33.7,22.1,27.4,0.0,53,22,41
2012-03-15,33.2,20.0,26.3,0.0,78,30,53
2012-03-16,32.4,20.2,25.8,0.0,83,36,61
2012-03-17,31.8,21.3,26.2,0.0,95,40,66
2012-03-18,34.6,20.5,27.3,0.0,81,26,52
2012-03-19,33.7,20.5,26.7,0.0,87,30,58
2012-03-20,33.7,20.1,27.1,0.0,89,31,56
2012-03-21,34.5,23.1,28.0,0.0,71,26,48
2012-03-22,34.0,21.1,27.3,0.0,76,27,49
2012-03-23,33.3,22.2,27.5,0.0,75,35,51
2012-03-24,36.1,22.2,28.7,0.0,76,27,45
2012-03-25,36.6,23.4,29.2,0.0,84,19,41
2012-03-26,33.5,22.4,27.1,0.0,95,36,66
2012-03-27,31.8,21.8,26.0,0.0,95,44,74
2012-03-28,35.1,20.9,27.5,0.0,98,34,70
2012-03-29,32.0,21.7,27.1,0.0,98,54,77
2012-03-30,30.6,23.5,26.6,0.0,97,61,81
2012-03-31,30.9,23.3,26.7,0.0,97,56,78
2012-04-01,34.7,23.8,28.6,0.0,93,40,68
2012-04-02,32.9,24.2,28.1,0.0,93,53,75
2012-04-03,31.5,23.8,27.6,0.0,98,61,80
2012-04-04,31.1,23.8,27.1,0.0,96,59,80
2012-04-05,30.7,24.2,27.2,0.0,94,62,80
2012-04-06,31.4,23.6,27.2,0.0,97,54,77
2012-04-07,31.2,24.1,27.0,0.0,90,54,76
2012-04-08,32.1,24.2,27.4,0.0,91,47,73
2012-04-09,30.9,22.8,26.7,0.0,96,61,80
2012-04-10,31.1,23.7,27.0,0.0,95,62,80
2012-04-11,31.1,24.0,27.1,0.0,93,61,79
2012-04-12,30.7,22.7,26.7,0.0,96,56,77
2012-04-13,31.0,23.3,27.0,0.0,92,54,75
2012-04-14,33.1,22.1,27.2,0.0,96,40,72
2012-04-15,35.9,23.7,29.5,0.0,87,37,63
2012-04-16,33.7,25.7,29.3,0.0,89,52,69
2012-04-17,32.1,24.3,28.3,0.0,95,57,76
2012-04-18,32.5,24.4,27.8,0.0,95,53,76
2012-04-19,32.5,24.6,28.5,0.0,92,50,74
2012-04-20,36.0,27.6,31.2,0.0,81,34,54
2012-04-21,34.8,26.7,30.6,0.0,70,41,56
2012-04-22,34.6,26.1,29.6,0.0,83,40,63
2012-04-23,33.2,23.4,27.6,0.0,92,44,70
2012-04-24,32.1,24.3,27.5,0.0,91,54,75
2012-04-25,32.0,24.7,27.6,0.0,89,56,75
2012-04-26,33.8,23.6,28.5,0.0,94,47,68
2012-04-27,34.8,24.1,29.3,0.0,86,41,64
2012-04-28,33.7,25.0,28.6,0.0,93,45,69
2012-04-29,30.6,24.1,27.1,0.0,97,59,79
2012-04-30,30.9,25.0,27.5,0.0,90,60,77
2012-05-01,31.5,24.4,27.6,0.0,91,55,76
2012-05-02,30.8,24.7,27.4,0.0,91,57,75
2012-05-03,30.7,23.9,27.2,0.0,91,59,75
2012-05-04,30.8,25.8,28.1,0.0,83,58,71
2012-05-05,31.1,26.7,28.5,0.0,75,58,68
2012-05-06,31.1,26.3,28.5,0.0,79,58,68
2012-05-07,31.7,25.1,28.2,0.0,83,53,69
2012-05-08,32.7,25.7,28.3,0.0,86,50,73
2012-05-09,31.6,25.3,28.1,0.0,90,61,77
2012-05-10,31.6,25.4,28.2,0.0,94,63,79
2012-05-11,32.4,26.1,28.5,0.0,89,56,75
2012-05-12,31.6,26.2,28.4,0.0,85,59,74
2012-05-13,31.3,25.7,28.0,0.0,87,59,74
2012-05-14,32.0,24.6,27.9,0.0,90,54,73
2012-05-15,32.2,25.4,28.2,0.0,89,58,76
2012-05-16,31.5,26.0,28.3,0.0,86,58,74
2012-05-17,32.5,25.2,28.3,0.0,87,52,72
2012-05-18,33.5,25.6,28.8,0.0,90,49,74
2012-05-19,33.2,25.8,28.6,0.0,94,54,76
2012-05-20,32.0,25.4,28.4,0.0,90,59,77
2012-05-21,31.7,25.9,28.5,0.0,92,60,76
2012-05-22,31.8,26.1,28.7,0.0,88,60,75
2012-05-23,31.6,26.6,28.7,0.0,84,59,73
2012-05-24,31.7,26.8,28.8,0.0,81,59,72
2012-05-25,31.7,26.5,28.8,0.0,89,59,73
2012-05-26,31.9,26.0,28.6,0.0,90,58,75
2012-05-27,31.6,27.1,28.9,0.0,81,59,72
2012-05-28,31.8,27.0,28.8,0.0,85,58,74
2012-05-29,32.0,26.8,28.8,0.0,84,59,74
2012-05-30,31.6,26.9,28.8,0.0,83,58,72
2012-05-31,31.5,26.9,28.6,0.0,83,61,74
2012-06-01,31.7,27.0,28.9,0.0,85,57,73
2012-06-02,31.8,27.0,28.9,1.1,89,64,80
2012-06-03,31.8,27.0,29.0,0.4,92,64,79
2012-06-04,31.9,27.4,29.3,0.0,89,65,78
2012-06-05,31.3,27.2,29.0,0.1,92,67,81
2012-06-06,28.7,26.8,28.0,0.8,89,75,82
2012-06-07,30.2,25.8,27.8,3.4,91,70,82
2012-06-08,30.4,26.5,28.1,4.3,88,70,80
2012-06-09,30.5,26.2,27.8,7.0,93,73,84
2012-06-10,28.9,25.6,26.9,5.5,95,79,88
2012-06-11,29.6,25.4,27.3,4.7,95,73,84
2012-06-12,32.4,26.8,28.9,4.9,90,58,76
2012-06-13,30.1,25.8,27.5,16.0,93,72,85
2012-06-14,30.4,26.4,28.3,0.8,91,72,83
2012-06-15,30.7,26.7,28.3,2.2,91,70,84
2012-06-16,29.3,26.2,27.3,26.1,95,80,90
2012-06-17,27.9,25.9,26.7,29.4,93,81,90
2012-06-18,29.4,26.1,27.4,7.9,94,81,88
2012-06-19,29.0,26.2,27.2,7.5,92,80,87
2012-06-20,29.6,26.3,27.4,6.2,91,77,86
2012-06-21,29.6,26.6,27.7,4.7,91,76,85
2012-06-22,29.7,26.9,28.1,4.1,89,77,83
2012-06-23,29.2,26.2,27.5,4.9,92,81,87
2012-06-24,28.1,25.6,26.6,8.0,94,81,90
2012-06-25,28.9,25.6,27.0,4.8,95,83,89
2012-06-26,28.9,25.8,26.8,6.1,94,82,89
2012-06-27,28.5,25.3,26.5,9.5,95,82,90
2012-06-28,28.1,25.2,26.4,6.9,94,81,88
2012-06-29,28.2,25.3,26.5,14.1,95,81,89
2012-06-30,28.9,25.4,26.8,14.1,94,79,88
2012-07-01,28.5,25.6,26.8,11.9,93,79,88
2012-07-02,29.2,25.7,27.0,15.0,93,76,87
2012-07-03,29.1,25.9,26.5,31.8,93,73,87
2012-07-04,27.8,25.8,26.6,31.8,94,79,90
2012-07-05,27.8,25.5,26.5,20.8,95,84,91
2012-07-06,27.9,25.5,26.4,10.7,95,84,91
2012-07-07,27.0,25.4,25.9,20.3,95,87,92
2012-07-08,27.3,25.5,26.3,10.8,94,86,90
2012-07-09,28.1,25.3,26.5,6.7,95,81,90
2012-07-10,27.7,25.8,26.5,13.1,95,84,90
2012-07-11,28.0,25.7,26.5,15.0,94,85,90
2012-07-12,28.1,25.4,26.6,10.6,94,82,89
2012-07-13,28.0,25.6,26.6,10.3,96,83,90
2012-07-14,28.8,25.4,27.0,6.5,95,81,88
2012-07-15,27.9,25.6,26.5,6.8,94,84,89
2012-07-16,28.2,25.4,26.3,4.9,95,82,90
2012-07-17,28.2,25.3,26.4,10.6,96,82,90
2012-07-18,26.2,25.3,25.7,27.3,95,91,93
2012-07-19,26.9,25.7,26.2,41.0,94,89,91
2012-07-20,28.4,26.0,27.2,10.1,93,81,86
2012-07-21,29.3,26.5,27.7,7.1,91,78,85
2012-07-22,28.4,26.8,27.5,4.7,88,82,86
2012-07-23,28.2,26.0,26.9,9.5,93,82,87
2012-07-24,27.3,26.1,26.4,16.0,93,86,90
2012-07-25,27.5,26.1,26.5,12.5,94,85,90
2012-07-26,27.8,26.5,27.0,8.4,91,83,87
2012-07-27,28.4,26.2,27.1,4.7,91,81,86
2012-07-28,28.1,25.6,26.7,9.2,93,84,88
2012-07-29,26.6,25.1,25.6,23.3,94,86,92
2012-07-30,26.6,24.7,25.4,25.4,95,87,92
2012-07-31,26.6,25.2,25.6,32.2,94,88,91
2012-08-01,27.1,25.0,26.0,13.6,94,84,89
2012-08-02,27.0,25.8,26.2,8.7,91,84,89
2012-08-03,27.9,25.7,26.6,8.8,93,83,88
2012-08-04,27.7,26.2,26.6,9.5,90,81,87
2012-08-05,27.7,26.3,26.8,9.1,90,83,87
2012-08-06,27.3,25.5,26.4,14.8,93,84,89
2012-08-07,26.9,25.2,25.9,13.7,94,85,91
2012-08-08,27.5,25.3,26.2,10.2,94,81,89
2012-08-09,27.5,25.1,26.0,14.4,95,83,90
2012-08-10,27.4,25.2,26.0,21.9,94,85,91
2012-08-11,27.3,25.5,26.3,6.8,93,84,89
2012-08-12,27.7,25.5,26.3,6.7,94,84,90
2012-08-13,28.3,25.2,26.5,4.2,94,80,87
2012-08-14,28.1,25.6,26.7,4.5,91,83,88
2012-08-15,28.2,25.0,26.6,5.2,94,83,87
2012-08-16,28.1,24.9,26.4,3.3,93,80,86
2012-08-17,27.9,24.8,26.2,5.1,94,82,88
2012-08-18,28.0,25.1,26.4,4.6,93,83,88
2012-08-19,27.1,24.7,25.8,11.0,94,83,90
2012-08-20,27.5,24.8,25.9,6.1,95,85,91
2012-08-21,27.6,24.9,26.0,4.3,94,84,90
2012-08-22,27.5,24.9,25.9,6.6,94,82,90
2012-08-23,28.8,25.2,26.7,4.6,95,77,87
2012-08-24,29.1,25.3,27.1,1.2,92,76,85
2012-08-25,29.2,25.6,26.9,3.6,92,77,85
2012-08-26,27.3,25.2,26.0,17.0,95,83,90
2012-08-27,26.0,25.2,25.5,38.1,94,90,92
2012-08-28,26.5,25.1,25.7,50.4,94,88,92
2012-08-29,27.0,25.1,25.8,25.7,94,87,92
2012-08-30,28.3,25.2,26.4,11.9,95,80,89
2012-08-31,28.4,25.6,26.6,9.8,93,80,88
2012-09-01,27.6,25.6,26.4,15.7,93,85,89
2012-09-02,28.5,25.6,26.6,17.7,94,82,90
2012-09-03,27.9,25.6,26.3,30.3,94,83,91
2012-09-04,26.4,25.5,25.7,51.9,94,90,93
2012-09-05,26.1,25.5,25.8,39.1,94,90,92
2012-09-06,26.9,25.3,25.9,19.6,95,88,92
2012-09-07,28.2,25.2,26.3,10.1,94,82,90
2012-09-08,27.8,25.2,26.3,13.7,95,84,90
2012-09-09,27.6,25.2,26.1,11.6,95,84,91
2012-09-10,27.5,25.3,26.2,16.3,94,85,91
2012-09-11,27.0,25.2,25.9,47.8,93,86,90
2012-09-12,28.5,25.3,26.5,4.6,94,79,89
2012-09-13,27.3,25.0,26.0,5.1,94,84,90
2012-09-14,27.7,24.8,25.8,4.8,94,83,90
2012-09-15,27.8,25.1,26.2,8.6,95,83,90
2012-09-16,28.4,25.3,26.5,3.9,94,80,87
2012-09-17,28.1,24.8,26.3,1.3,93,77,86
2012-09-18,28.1,24.8,26.2,3.4,93,83,87
2012-09-19,28.1,24.0,25.9,0.6,95,79,87
2012-09-20,28.4,24.3,26.3,1.2,93,79,86
2012-09-21,28.3,25.2,26.6,1.5,91,73,84
2012-09-22,27.6,24.7,26.2,4.1,93,78,85
2012-09-23,28.1,24.4,26.1,1.2,92,74,84
2012-09-24,28.3,23.5,25.8,0.8,94,72,84
2012-09-25,28.0,23.3,25.8,0.8,93,77,85
2012-09-26,28.9,23.0,26.4,0.8,97,73,85
2012-09-27,30.2,24.8,27.2,0.7,94,68,83
2012-09-28,30.0,25.4,27.5,1.3,94,75,84
2012-09-29,31.3,25.7,28.2,0.0,94,66,82
2012-09-30,32.2,25.6,28.7,0.0,95,62,82
2012-10-01,30.8,26.3,28.3,7.6,96,75,87
2012-10-02,29.9,25.6,27.2,10.5,94,77,88
2012-10-03,28.8,25.0,26.4,17.6,96,80,89
2012-10-04,28.4,25.4,26.4,13.0,93,80,88
2012-10-05,28.7,24.6,26.1,16.3,95,79,89
2012-10-06,29.0,24.4,26.1,26.3,96,79,89
2012-10-07,28.1,24.5,25.9,9.2,97,78,88
2012-10-08,30.2,24.4,27.2,0.0,96,71,85
2012-10-09,30.2,25.7,27.6,3.3,96,77,87
2012-10-10,31.1,25.3,27.8,0.3,99,69,86
2012-10-11,31.5,25.5,28.1,0.0,96,63,83
2012-10-12,31.8,23.3,27.2,0.0,96,52,79
2012-10-13,31.4,23.4,27.5,0.0,95,57,78
2012-10-14,32.3,24.0,27.9,0.0,94,54,78
2012-10-15,32.6,23.7,28.0,0.0,90,49,74
2012-10-16,32.7,23.6,28.0,0.0,88,49,72
2012-10-17,32.6,23.4,28.1,0.0,89,46,70
2012-10-18,32.6,24.0,28.3,0.0,83,47,67
2012-10-19,33.1,24.5,28.5,0.0,78,44,65
2012-10-20,32.7,23.9,28.0,0.0,77,39,62
2012-10-21,31.8,25.3,28.2,0.6,74,56,64
2012-10-22,31.6,26.2,28.5,0.0,75,52,64
2012-10-23,32.0,26.6,28.6,1.8,86,58,72
2012-10-24,32.0,25.6,28.4,0.0,89,58,77
2012-10-25,31.8,25.1,28.3,0.0,93,58,79
2012-10-26,31.9,24.0,27.8,0.0,96,54,78
2012-10-27,32.0,23.8,27.7,0.0,89,54,73
2012-10-28,32.5,25.5,28.5,0.0,83,51,69
2012-10-29,32.4,25.4,28.4,0.0,80,44,66
2012-10-30,32.4,23.3,27.5,0.0,74,31,56
2012-10-31,31.6,22.5,26.7,0.0,69,36,56
2012-11-01,30.8,22.8,26.7,0.0,70,43,59
2012-11-02,31.7,24.5,27.7,0.0,77,48,64
2012-11-03,30.6,24.0,27.3,0.0,95,63,81
2012-11-04,30.4,24.8,26.9,0.0,97,64,83
2012-11-05,31.0,22.5,27.0,0.0,96,58,77
2012-11-06,31.6,24.2,27.1,0.0,90,45,69
2012-11-07,31.5,21.0,26.4,0.0,85,44,66
2012-11-08,30.8,23.6,26.3,0.0,86,45,71
2012-11-09,30.3,22.5,25.8,0.0,89,43,72
2012-11-10,31.3,23.1,26.3,0.0,89,43,72
2012-11-11,30.6,21.9,26.3,0.0,91,49,75
2012-11-12,30.0,23.8,26.6,0.0,94,56,76
2012-11-13,30.2,22.8,26.5,0.0,96,60,80
2012-11-14,31.6,23.6,27.2,0.0,92,41,70
2012-11-15,31.8,21.9,27.0,0.0,89,36,63
2012-11-16,31.4,22.4,26.6,0.0,71,30,55
2012-11-17,30.7,21.1,25.8,0.0,68,30,52
2012-11-18,30.5,20.0,25.3,0.0,70,30,52
2012-11-19,30.6,20.1,25.1,0.0,67,28,53
2012-11-20,31.2,20.4,25.4,0.0,76,25,51
2012-11-21,31.4,20.0,25.0,0.0,86,32,61
2012-11-22,31.7,18.4,25.2,0.0,86,33,62
2012-11-23,31.5,20.0,25.7,0.0,75,31,55
2012-11-24,31.5,21.1,25.8,0.0,70,35,57
2012-11-25,31.8,20.6,26.0,0.0,82,41,64
2012-11-26,31.4,20.9,25.9,0.0,86,46,68
2012-11-27,31.1,21.4,25.7,0.0,89,47,71
2012-11-28,30.6,20.7,25.2,0.0,88,37,66
2012-11-29,30.7,19.5,24.5,0.0,85,30,62
2012-11-30,30.6,19.3,24.5,0.0,88,35,65
2012-12-01,30.1,19.0,24.4,0.0,88,38,66
2012-12-02,29.6,19.4,24.4,0.0,91,47,71
2012-12-03,31.2,21.0,25.9,0.0,89,45,68
2012-12-04,32.0,21.1,26.3,0.0,86,36,61
2012-12-05,32.9,23.5,27.4,0.0,70,36,55
2012-12-06,32.0,25.0,27.8,0.0,74,48,61
2012-12-07,31.8,23.8,27.5,0.0,85,52,71
2012-12-08,31.8,22.9,27.2,0.0,94,54,73
2012-12-09,31.6,23.0,26.6,0.0,88,44,67
2012-12-10,29.4,21.2,24.9,0.0,95,54,78
2012-12-11,28.3,20.3,23.9,0.0,98,53,80
2012-12-12,29.4,19.7,24.1,0.0,99,40,73
2012-12-13,28.0,18.6,23.5,0.0,94,45,71
2012-12-14,27.9,18.8,23.0,0.0,97,46,76
2012-12-15,29.7,19.9,24.2,0.0,92,44,72
2012-12-16,31.2,19.5,25.0,0.0,91,39,69
2012-12-17,31.9,20.9,26.2,0.0,80,38,61
2012-12-18,31.5,21.9,26.3,0.0,71,37,56
2012-12-19,30.6,20.9,25.4,0.0,69,33,55
2012-12-20,31.2,20.5,25.3,0.0,71,29,56
2012-12-21,31.4,19.5,25.0,0.0,80,34,62
2012-12-22,30.7,19.1,24.9,0.0,88,44,68
2012-12-23,31.0,19.2,25.1,0.0,93,43,72
2012-12-24,30.4,20.0,25.0,0.0,95,45,74
2012-12-25,31.4,19.7,25.7,0.0,91,33,61
2012-12-26,30.8,21.1,25.4,0.0,60,28,49
2012-12-27,30.5,19.1,24.2,0.0,72,24,52
2012-12-28,29.7,16.8,23.5,0.0,84,30,59
2012-12-29,29.3,18.0,23.4,0.0,80,34,59
2012-12-30,28.7,19.0,23.9,0.0,82,45,65
2012-12-31,29.1,20.9,24.6,0.0,84,48,69
2013-01-01,28.5,21.4,24.6,0.0,94,52,75
2013-01-02,28.4,20.0,24.2,0.0,97,41,68
2013-01-03,28.4,19.8,23.4,0.0,73,33,53
2013-01-04,27.9,16.6,22.0,0.0,87,32,62
2013-01-05,26.9,16.0,21.4,0.0,84,34,61
2013-01-06,26.5,16.2,21.4,0.0,77,33,58
2013-01-07,28.0,15.7,22.0,0.0,83,34,60
2013-01-08,29.5,16.2,22.5,0.0,83,39,64
2013-01-09,30.6,17.1,23.9,0.0,95,42,70
2013-01-10,30.4,18.6,24.1,0.0,88,42,66
2013-01-11,31.9,20.4,25.3,0.0,72,32,54
2013-01-12,31.5,19.9,25.0,0.0,64,29,52
2013-01-13,31.6,17.3,24.6,0.0,86,28,59
2013-01-14,31.0,18.5,24.2,0.0,82,36,63
2013-01-15,30.6,18.3,24.0,0.0,88,34,67
2013-01-16,30.3,18.8,24.0,0.0,88,41,68
2013-01-17,28.2,20.8,23.8,0.0,90,53,75
2013-01-18,26.1,20.2,22.6,0.0,92,47,66
2013-01-19,28.2,17.5,22.1,0.0,56,33,47
2013-01-20,29.5,18.4,23.4,0.0,65,36,53
2013-01-21,28.9,17.3,23.0,0.0,81,40,61
2013-01-22,29.5,17.7,23.1,0.0,82,40,65
2013-01-23,28.2,19.7,23.0,0.0,88,45,72
2013-01-24,28.4,17.6,22.4,0.0,90,42,72
2013-01-25,28.8,17.4,22.4,0.0,91,38,72
2013-01-26,29.2,16.7,22.9,0.0,94,44,72
2013-01-27,29.7,17.7,23.2,0.0,92,45,73
2013-01-28,29.5,17.7,23.2,0.0,91,44,73
2013-01-29,29.1,17.2,22.7,0.0,91,34,68
2013-01-30,28.9,17.2,23.0,0.0,96,37,70
2013-01-31,29.3,17.8,23.4,0.0,92,44,68
2013-02-01,30.7,20.2,24.6,0.0,83,43,67
2013-02-02,29.8,21.0,24.9,0.0,86,46,67
2013-02-03,30.1,20.9,24.9,0.0,89,47,71
2013-02-04,28.5,21.1,24.2,0.0,95,54,80
2013-02-05,27.8,21.0,23.9,0.0,97,51,74
2013-02-06,27.1,20.5,23.2,0.0,82,43,62
2013-02-07,27.9,19.5,22.9,0.0,65,32,50
2013-02-08,29.5,17.9,23.5,0.0,85,43,66
2013-02-09,31.9,19.3,25.0,0.0,86,41,67
2013-02-10,30.5,19.5,25.0,0.0,97,52,76
2013-02-11,31.8,21.1,26.2,0.0,91,42,67
2013-02-12,33.0,22.3,27.5,0.0,84,37,58
2013-02-13,33.5,23.7,28.0,0.0,66,35,54
2013-02-14,32.4,22.2,26.9,0.0,88,42,66
2013-02-15,29.8,21.2,25.2,0.0,92,54,76
2013-02-16,27.1,21.0,24.0,0.3,94,52,70
2013-02-17,27.6,17.4,22.5,0.0,88,35,61
2013-02-18,30.6,18.9,24.3,0.0,67,25,51
2013-02-19,31.3,17.7,24.6,0.0,83,28,57
2013-02-20,32.5,18.0,25.3,0.0,82,28,57
2013-02-21,31.6,18.5,25.0,0.0,89,34,65
2013-02-22,30.4,21.2,25.1,0.0,91,41,71
2013-02-23,29.9,19.8,24.4,0.0,98,44,73
2013-02-24,32.1,20.8,25.5,0.0,85,25,58
2013-02-25,31.9,18.2,25.1,0.0,85,34,60
2013-02-26,30.6,19.2,24.8,0.0,88,35,65
2013-02-27,29.7,19.3,24.2,0.0,94,40,68
2013-02-28,33.1,21.5,26.4,0.0,72,26,50
2013-03-01,34.7,22.6,28.3,0.0,53,25,41
2013-03-02,35.1,23.3,28.4,0.0,54,20,42
2013-03-03,35.4,21.4,28.1,0.0,63,18,43
2013-03-04,35.4,19.7,27.8,0.0,72,16,42
2013-03-05,35.9,19.1,28.0,0.0,73,18,42
2013-03-06,36.2,20.6,28.1,0.0,71,19,46
2013-03-07,37.2,20.4,29.0,0.0,77,18,45
2013-03-08,34.3,24.4,28.5,0.0,83,32,53
2013-03-09,33.7,23.0,28.1,0.0,86,36,59
2013-03-10,32.8,23.7,27.4,0.0,78,34,57
2013-03-11,31.4,21.8,26.2,0.0,97,46,74
2013-03-12,30.7,22.5,26.1,0.0,95,45,72
2013-03-13,29.3,20.7,24.6,0.0,96,48,74
2013-03-14,30.9,19.9,25.0,0.0,97,48,75
2013-03-15,33.3,22.2,27.4,0.0,94,36,64
2013-03-16,32.2,23.8,27.5,0.0,86,45,66
2013-03-17,32.7,22.0,27.1,0.0,97,39,70
2013-03-18,32.7,23.2,27.4,0.0,88,43,69
2013-03-19,32.1,21.4,26.8,0.0,95,38,68
2013-03-20,32.4,19.9,26.2,0.0,97,33,65
2013-03-21,32.8,20.4,26.2,0.0,93,31,66
2013-03-22,31.3,21.9,26.3,0.0,96,45,74
2013-03-23,30.8,22.6,26.1,0.0,98,51,76
2013-03-24,32.0,22.1,26.8,0.0,95,43,72
2013-03-25,33.2,24.9,28.4,0.0,84,44,64
2013-03-26,31.0,24.7,27.4,0.0,86,53,70
2013-03-27,30.4,23.2,26.4,0.0,92,51,72
2013-03-28,31.7,23.5,27.0,0.0,91,52,72
2013-03-29,31.4,22.9,26.7,0.0,88,38,63
2013-03-30,33.0,21.5,27.3,0.0,95,35,62
2013-03-31,33.9,22.7,27.8,0.0,90,33,63
2013-04-01,31.5,22.5,26.9,0.0,97,47,73
2013-04-02,30.5,24.4,26.8,0.0,88,49,70
2013-04-03,30.7,22.3,25.8,0.0,90,43,69
2013-04-04,32.0,21.8,26.4,0.0,92,46,72
2013-04-05,32.5,22.2,27.2,0.0,97,47,73
2013-04-06,31.1,21.8,26.9,0.0,99,55,78
2013-04-07,32.4,22.4,27.3,0.0,97,43,72
2013-04-08,32.2,22.7,27.0,0.0,92,45,68
2013-04-09,32.7,21.7,27.1,0.0,92,46,71
2013-04-10,32.2,24.3,27.9,0.0,94,55,73
2013-04-11,32.3,24.2,27.7,0.0,86,50,70
2013-04-12,32.8,23.4,28.0,0.0,92,48,69
2013-04-13,34.0,24.1,28.5,0.0,91,45,71
2013-04-14,32.6,25.2,28.3,0.0,92,53,73
2013-04-15,31.7,23.1,26.9,0.0,97,48,76
2013-04-16,29.7,23.4,26.3,0.0,89,53,73
2013-04-17,30.2,23.3,26.4,0.0,90,54,73
2013-04-18,29.8,23.6,26.9,0.0,86,56,70
2013-04-19,30.2,24.2,27.2,0.0,83,57,69
2013-04-20,30.6,24.4,27.4,0.0,83,56,70
2013-04-21,30.9,25.4,27.7,0.0,88,56,72
2013-04-22,32.0,24.4,27.7,0.0,90,51,74
2013-04-23,32.5,23.9,28.1,0.0,93,54,76
2013-04-24,33.7,25.0,29.1,0.0,97,54,77
2013-04-25,35.3,26.5,30.7,0.0,89,46,65
2013-04-26,35.3,26.1,30.9,0.0,83,42,60
2013-04-27,35.2,25.3,30.4,0.0,86,43,62
2013-04-28,34.3,24.9,29.6,0.0,90,52,70
2013-04-29,35.1,26.9,30.2,0.0,86,43,68
2013-04-30,35.3,26.5,30.2,0.0,90,50,72
2013-05-01,35.1,27.1,30.7,0.0,85,50,69
2013-05-02,33.7,25.7,29.4,0.0,95,54,74
2013-05-03,31.7,23.9,28.1,0.0,96,59,78
2013-05-04,32.4,26.1,29.0,0.0,90,59,76
2013-05-05,32.9,26.3,28.9,0.0,92,49,75
2013-05-06,32.0,26.1,28.5,0.0,91,54,75
2013-05-07,32.1,25.7,28.6,0.0,87,58,74
2013-05-08,32.2,26.5,28.9,0.0,85,60,74
2013-05-09,32.3,26.6,29.0,0.0,87,58,74
2013-05-10,32.0,26.1,28.8,0.0,89,60,75
2013-05-11,32.5,26.0,28.8,0.0,90,58,75
2013-05-12,32.2,25.6,28.7,0.0,91,60,76
2013-05-13,32.1,25.8,28.7,0.0,90,58,74
2013-05-14,31.8,25.6,28.6,0.0,90,57,74
2013-05-15,31.9,26.2,28.7,0.0,87,59,73
2013-05-16,31.4,26.8,28.8,0.0,83,60,71
2013-05-17,31.7,26.4,28.8,0.0,81,55,69
2013-05-18,32.3,26.8,29.1,0.0,80,55,69
2013-05-19,32.4,26.9,29.2,0.0,84,60,73
2013-05-20,32.5,26.6,29.3,0.0,87,62,75
2013-05-21,32.3,27.6,29.4,0.0,87,58,74
2013-05-22,32.7,27.1,29.5,0.0,86,59,73
2013-05-23,33.0,27.6,29.7,0.0,83,56,71
2013-05-24,32.6,28.0,29.9,0.0,78,56,68
2013-05-25,32.8,28.3,30.2,0.4,82,60,72
2013-05-26,32.9,27.8,30.1,1.0,87,60,75
2013-05-27,33.0,28.1,30.2,1.6,86,61,75
2013-05-28,32.8,27.4,29.8,3.0,89,61,77
2013-05-29,32.5,27.2,29.5,2.9,92,64,78
2013-05-30,32.4,27.7,29.8,0.4,86,59,73
2013-05-31,32.3,27.7,29.7,1.1,85,60,72
2013-06-01,32.6,26.9,29.6,0.0,87,59,73
2013-06-02,31.9,26.7,29.1,5.0,90,64,78
2013-06-03,31.6,26.2,28.2,12.4,91,65,81
2013-06-04,31.0,26.2,28.2,4.6,89,66,80
2013-06-05,30.9,27.1,29.0,0.5,89,69,79
2013-06-06,31.6,27.2,28.9,8.3,92,72,83
2013-06-07,29.4,25.9,27.4,40.5,95,78,89
2013-06-08,28.3,26.2,26.9,33.7,95,84,90
2013-06-09,27.1,25.8,26.5,63.5,95,87,91
2013-06-10,27.6,26.1,26.6,34.3,94,86,91
2013-06-11,28.7,25.8,27.3,8.0,95,80,88
2013-06-12,28.3,26.1,27.1,9.1,94,82,89
2013-06-13,28.5,26.1,27.1,8.4,92,85,89
2013-06-14,28.1,26.1,27.1,23.2,94,85,89
2013-06-15,27.7,25.8,26.5,83.3,93,82,89
2013-06-16,27.0,26.2,26.6,110.2,93,87,91
2013-06-17,26.8,26.0,26.4,76.9,94,87,91
2013-06-18,27.5,25.4,26.2,27.2,94,84,91
2013-06-19,27.2,25.3,26.0,28.4,94,85,92
2013-06-20,28.3,25.7,26.6,14.9,94,84,89
2013-06-21,27.9,25.5,26.4,19.3,95,84,91
2013-06-22,27.5,25.1,26.1,7.3,95,84,90
2013-06-23,27.7,24.9,26.0,6.9,96,85,91
2013-06-24,27.8,25.2,26.1,11.7,95,84,92
2013-06-25,26.5,25.4,25.8,18.0,94,88,92
2013-06-26,26.3,25.3,25.8,25.4,95,90,93
2013-06-27,27.3,25.3,26.0,12.0,94,84,90
2013-06-28,27.3,25.1,25.8,18.7,94,85,92
2013-06-29,27.7,25.3,26.2,12.5,94,84,90
2013-06-30,27.5,25.2,26.1,12.6,94,84,91
2013-07-01,27.3,25.2,25.8,16.4,94,83,92
2013-07-02,27.8,25.5,26.7,10.0,94,83,89
2013-07-03,27.8,26.2,27.0,5.2,90,83,87
2013-07-04,27.2,25.3,26.4,8.1,92,85,89
2013-07-05,27.5,24.5,25.7,8.3,94,81,89
2013-07-06,27.6,25.1,26.1,11.2,94,83,90
2013-07-07,27.5,24.9,26.0,15.1,95,84,91
2013-07-08,26.4,25.3,25.9,10.0,94,89,91
2013-07-09,27.3,25.1,26.0,13.7,94,84,91
2013-07-10,27.0,25.3,25.9,49.1,94,85,92
2013-07-11,25.8,25.2,25.4,53.0,94,91,93
2013-07-12,25.8,25.1,25.3,74.1,94,89,92
2013-07-13,26.0,24.9,25.4,18.1,94,88,91
2013-07-14,27.9,24.7,26.1,10.1,95,83,90
2013-07-15,27.0,25.2,25.9,6.8,92,85,89
2013-07-16,26.4,24.8,25.4,30.3,94,86,91
2013-07-17,25.9,25.2,25.5,36.8,94,91,92
2013-07-18,26.4,25.0,25.7,47.4,93,88,91
2013-07-19,26.1,25.1,25.4,39.7,94,91,93
2013-07-20,25.7,24.9,25.3,43.4,94,88,91
2013-07-21,26.3,25.3,25.6,45.9,94,89,92
2013-07-22,27.3,25.1,25.8,22.5,94,83,91
2013-07-23,25.8,25.1,25.4,76.6,94,92,93
2013-07-24,26.1,25.2,25.6,43.0,94,89,92
2013-07-25,26.8,25.4,25.8,23.7,93,86,91
2013-07-26,27.4,25.6,26.3,13.8,91,82,86
2013-07-27,27.0,25.2,26.0,27.1,93,85,89
2013-07-28,26.8,25.0,25.8,27.0,93,85,90
2013-07-29,27.8,24.8,26.2,16.8,93,80,87
2013-07-30,26.6,25.1,25.7,18.0,92,85,89
2013-07-31,26.5,24.9,25.4,33.8,93,84,90
2013-08-01,25.6,24.8,25.2,31.5,93,83,89
2013-08-02,25.7,24.6,25.2,27.9,92,86,88
2013-08-03,26.8,24.5,25.4,8.3,94,82,90
2013-08-04,27.2,24.1,25.3,6.1,96,84,90
2013-08-05,27.0,24.3,25.5,4.0,94,84,89
2013-08-06,26.9,24.3,25.3,6.6,94,82,90
2013-08-07,27.2,24.1,25.5,8.7,95,85,90
2013-08-08,27.3,24.5,25.8,9.4,94,84,89
2013-08-09,27.2,24.7,25.9,15.2,93,82,88
2013-08-10,26.7,24.9,25.6,21.1,93,84,90
2013-08-11,27.3,24.9,25.7,15.3,93,83,90
2013-08-12,27.3,24.8,25.7,16.4,94,85,90
2013-08-13,25.9,24.8,25.3,22.8,95,91,93
2013-08-14,26.3,24.8,25.5,14.4,94,86,91
2013-08-15,27.6,24.9,25.9,14.4,94,84,89
2013-08-16,27.4,25.0,26.0,11.1,93,81,88
2013-08-17,27.1,24.9,25.8,22.9,95,87,91
2013-08-18,27.3,25.1,26.0,12.3,93,85,90
2013-08-19,27.8,24.9,26.1,3.8,94,80,88
2013-08-20,28.0,25.3,26.3,3.6,91,80,86
2013-08-21,27.7,24.7,25.9,6.0,93,82,88
2013-08-22,27.6,25.3,26.2,3.2,90,80,86
2013-08-23,27.0,25.1,26.0,3.3,92,82,87
2013-08-24,27.5,24.9,26.0,6.4,93,83,88
2013-08-25,26.6,24.3,25.3,9.5,95,83,90
2013-08-26,27.1,25.1,26.0,4.9,92,80,86
2013-08-27,27.4,24.3,25.7,2.7,96,82,89
2013-08-28,27.3,24.6,25.7,3.3,94,83,89
2013-08-29,27.1,24.5,25.8,5.2,94,83,89
2013-08-30,27.9,24.7,26.1,3.8,94,83,88
2013-08-31,28.3,24.7,26.5,2.0,94,78,86
2013-09-01,28.6,23.8,26.5,1.2,96,74,84
2013-09-02,28.8,24.9,26.7,0.8,94,72,84
2013-09-03,28.5,24.6,26.5,1.2,93,73,83
2013-09-04,27.7,24.6,26.0,3.8,94,78,85
2013-09-05,27.0,24.5,25.5,5.5,94,83,90
2013-09-06,27.4,24.2,25.8,4.3,95,81,88
2013-09-07,28.1,24.3,26.0,0.9,93,78,87
2013-09-08,28.9,23.9,26.3,0.4,95,75,85
2013-09-09,28.7,24.8,26.7,1.5,91,71,83
2013-09-10,27.7,25.3,26.3,18.7,94,81,89
2013-09-11,28.2,25.1,26.3,15.1,94,75,85
2013-09-12,30.1,25.3,27.3,1.1,95,74,86
2013-09-13,30.2,24.9,27.6,1.2,96,76,85
2013-09-14,29.3,25.9,27.4,6.1,95,81,88
2013-09-15,28.8,25.3,26.2,15.6,95,81,91
2013-09-16,28.2,25.1,26.4,12.8,95,82,90
2013-09-17,29.2,24.9,26.6,10.8,96,79,89
2013-09-18,29.0,24.8,26.6,19.4,96,81,91
2013-09-19,27.9,25.4,26.4,15.3,97,86,92
2013-09-20,29.2,25.0,27.1,10.0,96,80,88
2013-09-21,28.6,26.8,27.4,2.1,87,76,82
2013-09-22,27.8,26.2,26.9,5.2,87,77,82
2013-09-23,27.1,26.2,26.7,5.2,86,79,82
2013-09-24,26.9,26.0,26.5,14.3,87,77,84
2013-09-25,27.5,25.3,26.1,3.6,92,78,85
2013-09-26,28.2,24.9,25.9,4.5,95,79,89
2013-09-27,27.8,24.8,26.1,4.4,94,80,88
2013-09-28,28.5,24.7,26.2,2.4,95,76,87
2013-09-29,27.9,24.9,26.1,4.6,95,82,89
2013-09-30,28.7,25.0,26.7,2.2,94,81,88
2013-10-01,28.6,25.6,26.9,4.0,94,76,85
2013-10-02,28.7,25.1,26.7,1.8,92,77,86
2013-10-03,29.5,25.8,27.2,0.2,89,72,83
2013-10-04,27.7,25.4,26.6,4.6,90,78,84
2013-10-05,29.0,25.7,27.0,0.1,94,73,83
2013-10-06,28.9,25.2,26.7,3.1,96,80,88
2013-10-07,28.9,24.4,26.6,1.0,99,79,89
2013-10-08,29.3,24.4,27.1,0.3,95,74,83
2013-10-09,29.0,24.8,26.7,1.2,94,71,83
2013-10-10,28.8,24.5,26.4,2.5,91,70,82
2013-10-11,28.0,24.3,26.0,5.8,94,78,87
2013-10-12,28.8,24.0,26.4,1.2,94,71,83
2013-10-13,28.8,24.9,26.8,2.0,96,79,86
2013-10-14,28.8,25.0,26.8,1.7,96,81,88
2013-10-15,29.5,24.6,27.0,2.2,96,75,87
2013-10-16,30.0,24.6,27.0,1.7,96,76,87
2013-10-17,32.0,25.2,28.1,1.0,95,64,84
2013-10-18,32.5,25.7,28.8,0.0,96,53,79
2013-10-19,33.0,24.8,28.6,0.0,94,52,76
2013-10-20,31.7,24.9,28.2,0.0,92,58,79
2013-10-21,32.7,25.2,28.5,0.0,93,47,72
2013-10-22,32.6,24.2,28.3,0.0,81,46,67
2013-10-23,32.2,24.6,28.3,0.0,77,48,63
2013-10-24,32.2,25.8,28.7,0.0,80,58,69
2013-10-25,32.0,25.8,28.6,0.0,88,56,70
2013-10-26,30.7,25.4,27.8,1.5,95,69,84
2013-10-27,29.9,26.0,27.5,1.4,91,76,85
2013-10-28,29.3,25.3,27.1,1.2,94,74,86
2013-10-29,30.6,24.2,27.2,0.0,98,66,82
2013-10-30,32.0,23.7,27.7,0.0,90,52,73
2013-10-31,32.1,24.1,28.0,0.0,87,47,69
2013-11-01,31.9,22.4,27.3,0.0,88,40,66
2013-11-02,32.3,22.0,27.3,0.0,88,46,67
2013-11-03,32.8,24.1,28.3,0.0,80,49,66
2013-11-04,32.8,25.1,28.6,0.0,79,50,69
2013-11-05,32.6,24.6,28.2,0.0,88,44,70
2013-11-06,31.6,24.0,27.5,0.0,89,46,72
2013-11-07,31.5,23.4,27.2,0.0,89,47,72
2013-11-08,31.3,23.4,27.2,0.0,89,48,72
2013-11-09,31.5,23.2,27.5,0.0,88,46,69
2013-11-10,32.0,23.9,27.5,0.0,83,36,62
2013-11-11,31.1,22.6,26.7,0.0,89,40,65
2013-11-12,30.9,22.1,26.3,0.0,82,40,65
2013-11-13,31.0,21.5,26.3,0.0,88,38,67
2013-11-14,31.1,21.3,26.6,0.0,91,37,65
2013-11-15,31.5,21.3,26.5,0.0,89,34,63
2013-11-16,30.9,22.8,26.3,0.0,71,31,54
2013-11-17,31.8,21.6,26.2,0.0,66,32,53
2013-11-18,32.3,24.0,27.5,0.0,65,42,56
2013-11-19,32.5,24.3,27.6,0.0,76,40,62
2013-11-20,31.7,22.8,26.5,0.0,76,36,61
2013-11-21,30.8,19.6,25.1,0.0,89,39,67
2013-11-22,31.8,19.1,25.7,0.0,87,30,61
2013-11-23,31.8,19.8,25.5,0.0,83,35,63
2013-11-24,31.9,20.6,26.2,0.0,84,46,67
2013-11-25,31.5,23.4,27.4,0.0,93,55,74
2013-11-26,31.6,23.9,27.7,0.2,94,57,75
2013-11-27,32.0,24.7,28.1,0.0,89,53,73
2013-11-28,33.0,24.3,28.2,0.0,89,32,63
2013-11-29,31.5,22.0,26.8,0.0,68,34,52
2013-11-30,31.5,24.9,27.9,0.0,74,52,63
2013-12-01,31.8,23.5,27.7,0.0,93,51,73
2013-12-02,31.0,24.6,27.7,0.0,89,56,73
2013-12-03,31.7,23.7,27.4,0.0,87,47,66
2013-12-04,31.8,24.9,27.8,0.3,73,49,63
2013-12-05,32.2,24.5,27.9,0.0,84,42,65
2013-12-06,31.2,22.7,26.8,0.0,81,41,63
2013-12-07,30.3,20.5,25.6,0.0,83,34,61
2013-12-08,29.7,18.3,24.2,0.0,85,28,59
2013-12-09,30.5,17.8,24.4,0.0,86,26,59
2013-12-10,30.9,18.1,24.8,0.0,84,27,58
2013-12-11,30.9,18.1,24.6,0.0,85,29,59
2013-12-12,30.9,19.4,25.0,0.0,74,27,52
2013-12-13,30.0,19.2,24.3,0.0,68,28,52
2013-12-14,30.4,17.5,23.9,0.0,80,28,58
2013-12-15,30.5,16.5,23.7,0.0,86,28,61
2013-12-16,30.5,17.1,23.7,0.0,87,29,63
2013-12-17,30.4,17.9,23.9,0.0,83,27,59
2013-12-18,30.0,18.0,23.8,0.0,80,27,58
2013-12-19,29.6,17.7,23.6,0.0,84,32,63
2013-12-20,28.6,17.7,22.9,0.0,93,40,73
2013-12-21,28.5,18.5,23.1,0.0,93,38,68
2013-12-22,29.7,16.7,23.1,0.0,83,29,58
2013-12-23,30.1,19.1,24.6,0.0,72,38,57
2013-12-24,30.3,20.9,25.0,0.0,80,39,63
2013-12-25,29.7,19.2,24.4,0.0,89,42,68
2013-12-26,30.0,19.6,24.5,0.0,87,40,68
2013-12-27,28.7,20.3,24.1,0.0,90,50,71
2013-12-28,28.3,20.6,23.9,0.0,68,44,56
2013-12-29,28.3,19.7,23.5,0.0,85,46,63
2013-12-30,26.8,21.0,23.3,0.0,89,59,76
2013-12-31,27.8,20.0,23.5,0.0,87,50,68
2014-01-01,29.8,20.3,24.6,0.0,76,42,62
2014-01-02,30.4,21.0,25.2,0.0,84,41,64
2014-01-03,30.3,20.6,24.9,0.0,85,40,67
2014-01-04,28.7,21.0,24.2,0.0,93,53,75
2014-01-05,28.1,20.6,23.5,0.0,81,40,59
2014-01-06,28.9,18.8,23.2,0.0,58,31,48
2014-01-07,30.3,18.6,23.9,0.0,88,39,61
2014-01-08,29.8,18.5,24.2,0.0,94,45,75
2014-01-09,27.9,19.9,23.3,0.0,96,48,74
2014-01-10,27.0,18.6,22.2,0.0,76,36,58
2014-01-11,25.5,17.5,21.1,0.0,64,27,48
2014-01-12,27.2,16.1,21.6,0.0,83,38,62
2014-01-13,27.6,17.5,22.4,0.0,92,46,72
2014-01-14,27.9,18.9,22.9,0.0,90,52,74
2014-01-15,28.7,19.7,23.5,0.0,84,36,59
2014-01-16,28.5,19.0,23.1,0.0,81,38,57
2014-01-17,25.7,18.1,21.7,0.0,90,52,71
2014-01-18,27.7,15.8,21.6,0.0,88,25,56
2014-01-19,28.0,18.5,22.7,0.0,87,41,58
2014-01-20,28.4,18.3,23.2,0.0,89,42,70
2014-01-21,26.6,21.0,23.6,0.4,90,55,73
2014-01-22,28.9,21.7,24.4,0.0,78,49,69
2014-01-23,29.2,21.2,24.5,0.0,82,50,71
2014-01-24,28.6,21.0,24.4,0.0,89,52,73
2014-01-25,30.4,21.2,25.0,0.0,86,47,72
2014-01-26,31.6,21.3,26.0,0.0,89,39,66
2014-01-27,32.1,23.4,26.9,0.0,75,32,58
2014-01-28,30.7,21.9,25.7,0.0,69,31,54
2014-01-29,30.5,19.1,24.7,0.0,77,29,56
2014-01-30,31.4,18.8,25.0,0.0,78,29,55
2014-01-31,31.7,20.0,25.5,0.0,75,31,55
2014-02-01,31.3,19.7,25.5,0.0,84,32,58
2014-02-02,31.4,20.2,25.5,0.0,82,29,56
2014-02-03,31.5,19.9,25.7,0.0,80,36,56
2014-02-04,31.6,20.5,25.7,0.0,75,37,58
2014-02-05,31.7,20.2,25.7,0.0,80,38,60
2014-02-06,29.9,20.8,25.0,0.0,85,45,67
2014-02-07,29.7,18.3,23.7,0.0,91,40,70
2014-02-08,28.9,19.1,23.6,0.0,96,46,69
2014-02-09,28.1,18.0,22.7,0.0,88,33,60
2014-02-10,28.0,17.3,22.4,0.0,83,31,59
2014-02-11,26.8,18.4,22.3,0.0,89,48,68
2014-02-12,27.2,16.9,22.1,0.0,84,39,62
2014-02-13,26.4,17.6,23.1,0.0,93,56,70
2014-02-14,26.1,19.6,22.8,0.2,86,48,66
2014-02-15,25.2,18.5,22.0,0.1,86,54,71
2014-02-16,26.6,17.5,22.1,0.0,96,42,69
2014-02-17,29.9,19.2,24.1,0.0,66,25,49
2014-02-18,31.6,19.8,25.2,0.0,56,23,44
2014-02-19,31.8,19.0,25.3,0.0,70,29,53
2014-02-20,29.9,20.9,24.9,0.0,90,47,70
2014-02-21,28.0,20.8,24.1,0.0,96,55,77
2014-02-22,27.7,20.9,23.8,0.0,95,53,74
2014-02-23,29.5,19.5,24.4,0.0,90,47,70
2014-02-24,30.6,19.9,25.5,0.0,94,47,74
2014-02-25,31.0,21.3,25.7,0.0,96,51,78
2014-02-26,29.4,22.4,25.4,0.0,99,57,81
2014-02-27,28.9,21.3,25.1,0.0,97,45,71
2014-02-28,27.7,21.0,24.2,0.0,77,43,60
2014-03-01,27.8,17.6,23.0,0.0,89,32,59
2014-03-02,30.4,20.3,24.7,0.0,54,21,42
2014-03-03,31.2,20.6,25.5,0.0,58,33,46
2014-03-04,29.5,19.1,24.4,0.0,85,47,65
2014-03-05,29.4,21.1,24.8,0.0,95,54,76
2014-03-06,28.7,20.9,24.6,0.0,98,58,78
2014-03-07,29.1,21.6,25.1,0.3,93,56,77
2014-03-08,29.7,23.1,25.8,0.0,94,56,76
2014-03-09,29.2,22.2,25.3,0.0,95,56,76
2014-03-10,29.4,22.2,25.4,0.0,92,53,73
2014-03-11,30.0,19.8,25.1,0.0,97,40,71
2014-03-12,32.8,21.4,26.8,0.6,93,30,63
2014-03-13,32.5,23.1,27.9,0.0,82,43,61
2014-03-14,33.2,22.5,28.0,0.0,89,41,65
2014-03-15,34.0,24.3,28.5,0.0,85,39,64
2014-03-16,34.4,24.0,28.9,0.0,79,34,55
2014-03-17,35.3,26.0,29.8,0.0,60,31,46
2014-03-18,34.1,24.0,28.6,0.0,78,34,56
2014-03-19,35.0,24.7,29.3,0.0,60,33,44
2014-03-20,34.2,25.6,29.1,0.0,69,26,47
2014-03-21,32.3,23.0,26.8,0.0,87,35,65
2014-03-22,29.9,21.3,25.0,0.0,95,45,73
2014-03-23,32.3,20.9,25.9,0.0,96,40,73
2014-03-24,31.5,22.4,26.5,0.0,96,48,75
2014-03-25,32.4,22.1,26.9,0.0,95,43,68
2014-03-26,33.2,23.1,27.8,0.0,88,39,65
2014-03-27,32.8,24.2,27.9,0.0,85,37,67
2014-03-28,32.6,22.4,27.3,0.0,93,44,69
2014-03-29,34.3,23.4,28.4,0.0,87,39,62
2014-03-30,36.0,24.8,29.8,0.0,71,31,51
2014-03-31,33.0,24.5,28.5,0.0,89,49,66
2014-04-01,32.9,22.7,27.3,0.0,94,40,67
2014-04-02,32.4,22.6,27.1,0.0,95,49,72
2014-04-03,33.7,23.2,27.7,0.0,95,44,71
2014-04-04,36.4,24.0,29.4,0.0,87,33,61
2014-04-05,33.4,24.8,28.4,0.0,93,50,74
2014-04-06,33.2,24.7,28.3,0.0,94,49,74
2014-04-07,32.1,24.2,28.1,0.0,91,53,74
2014-04-08,32.1,25.3,28.2,0.0,91,50,71
2014-04-09,31.2,23.7,27.2,0.0,92,54,74
2014-04-10,31.5,24.0,27.3,0.0,93,47,69
2014-04-11,32.2,22.0,26.7,0.0,93,37,68
2014-04-12,32.2,21.0,26.5,0.0,96,43,72
2014-04-13,31.4,21.7,26.7,0.0,95,44,71
2014-04-14,31.2,22.2,26.7,0.0,93,47,70
2014-04-15,30.6,22.4,26.5,0.0,93,54,72
2014-04-16,31.3,24.3,27.2,0.0,88,57,74
2014-04-17,30.7,24.4,27.3,0.0,91,59,76
2014-04-18,31.1,24.6,27.6,0.0,87,58,73
2014-04-19,31.8,24.6,27.6,0.0,90,51,74
2014-04-20,32.7,23.7,27.9,0.0,94,57,77
2014-04-21,35.2,26.0,29.7,0.0,93,45,74
2014-04-22,35.6,25.8,30.6,0.0,93,42,65
2014-04-23,36.8,27.4,31.8,0.0,72,34,55
2014-04-24,35.6,26.4,30.5,0.0,83,41,62
2014-04-25,33.3,26.7,29.5,0.0,90,54,72
2014-04-26,34.7,24.7,29.4,0.0,91,47,71
2014-04-27,33.5,26.1,29.1,0.0,93,55,77
2014-04-28,32.7,25.5,28.8,0.0,96,60,80
2014-04-29,32.9,25.9,29.1,0.0,95,57,78
2014-04-30,33.0,26.7,29.2,0.0,94,55,76
2014-05-01,33.3,25.6,28.9,0.0,93,53,76
2014-05-02,32.3,25.9,28.7,0.0,94,57,77
2014-05-03,33.1,24.7,28.5,0.0,95,48,76
2014-05-04,33.1,25.3,28.5,0.0,93,47,75
2014-05-05,33.3,24.5,28.4,0.0,94,52,77
2014-05-06,34.2,25.1,29.5,0.0,93,49,74
2014-05-07,34.6,26.3,30.4,0.0,95,56,76
2014-05-08,34.4,28.1,30.6,0.0,89,54,74
2014-05-09,33.7,27.2,30.2,0.0,95,55,75
2014-05-10,32.2,26.6,29.1,0.0,90,55,74
2014-05-11,32.3,25.6,28.7,0.0,87,53,70
2014-05-12,32.6,26.0,28.9,0.0,85,52,69
2014-05-13,32.8,26.3,29.2,0.0,84,52,69
2014-05-14,32.6,26.1,29.1,0.4,86,52,68
2014-05-15,33.1,26.3,29.2,0.0,82,51,68
2014-05-16,32.5,26.9,29.1,0.0,82,54,69
2014-05-17,33.5,26.1,29.4,0.4,89,54,72
2014-05-18,33.9,27.2,30.0,0.0,86,55,73
2014-05-19,35.5,28.4,31.5,0.0,84,49,69
2014-05-20,35.1,28.6,31.2,0.0,87,52,70
2014-05-21,33.7,27.1,30.1,0.0,91,57,75
2014-05-22,32.6,27.1,29.5,0.0,89,59,75
2014-05-23,32.9,26.2,29.3,0.0,89,56,73
2014-05-24,33.2,27.0,29.5,0.0,85,56,72
2014-05-25,32.6,26.4,29.2,0.0,89,58,74
2014-05-26,33.0,26.9,29.7,0.0,84,57,71
2014-05-27,33.2,27.4,29.9,0.0,88,63,76
2014-05-28,33.2,27.6,30.0,0.0,88,59,74
2014-05-29,33.0,28.1,30.1,0.0,83,61,73
2014-05-30,32.7,27.8,29.9,0.0,80,60,70
2014-05-31,32.8,26.9,29.6,0.0,84,57,71
2014-06-01,33.1,27.5,29.9,0.0,79,55,67
2014-06-02,34.0,28.2,30.2,0.0,81,57,71
2014-06-03,33.2,28.6,30.3,0.0,84,60,74
2014-06-04,33.1,28.6,30.4,0.0,81,62,73
2014-06-05,33.5,28.8,30.5,0.0,82,61,74
2014-06-06,33.2,28.9,30.6,0.0,83,62,73
2014-06-07,33.1,28.4,30.3,0.0,81,58,71
2014-06-08,33.0,28.6,30.6,0.0,78,59,70
2014-06-09,33.0,28.9,30.5,0.2,83,64,75
2014-06-10,34.9,28.8,30.7,1.4,77,53,70
2014-06-11,33.5,27.3,30.2,1.4,88,58,71
2014-06-12,31.9,27.2,29.2,1.7,87,67,78
2014-06-13,31.3,26.3,28.4,4.8,91,66,81
2014-06-14,29.9,26.2,27.8,7.1,94,77,86
2014-06-15,29.3,25.8,27.1,9.9,94,78,88
2014-06-16,29.6,26.0,27.4,10.5,94,78,88
2014-06-17,30.2,26.1,27.8,5.1,95,74,86
2014-06-18,29.4,26.5,27.7,6.6,92,80,87
2014-06-19,29.8,26.2,27.8,8.5,94,79,86
2014-06-20,30.3,27.8,28.7,6.1,87,73,81
2014-06-21,30.1,27.7,28.6,7.0,89,74,82
2014-06-22,29.9,27.3,28.4,5.6,88,73,82
2014-06-23,30.0,27.6,28.4,5.0,87,74,82
2014-06-24,30.1,27.3,28.5,4.0,89,73,81
2014-06-25,30.1,27.4,28.5,4.3,86,72,81
2014-06-26,30.5,27.2,28.6,1.4,87,69,79
2014-06-27,30.4,26.6,28.5,1.3,91,74,81
2014-06-28,30.2,26.5,28.4,1.2,93,71,81
2014-06-29,31.1,27.5,28.9,1.8,86,66,78
2014-06-30,30.4,26.8,28.4,2.9,90,69,81
2014-07-01,29.7,27.0,28.3,2.7,88,76,82
2014-07-02,29.0,26.2,27.3,6.8,92,75,85
2014-07-03,28.2,25.3,26.6,7.9,94,79,88
2014-07-04,28.3,25.6,27.0,4.8,94,83,88
2014-07-05,29.7,26.3,27.8,5.2,93,77,85
2014-07-06,29.5,26.2,27.8,4.5,93,78,85
2014-07-07,29.5,25.9,27.4,6.3,95,78,87
2014-07-08,29.1,25.8,26.9,6.4,96,78,89
2014-07-09,27.6,25.8,26.4,10.2,95,85,90
2014-07-10,27.4,25.5,26.0,44.6,94,85,92
2014-07-11,27.4,25.7,26.2,73.0,94,86,92
2014-07-12,26.8,25.6,26.0,33.8,94,88,92
2014-07-13,27.8,25.4,26.4,14.0,94,84,91
2014-07-14,27.9,25.7,26.6,28.0,95,84,91
2014-07-15,26.7,25.8,26.2,64.9,94,88,92
2014-07-16,26.6,25.7,26.1,47.7,94,91,92
2014-07-17,28.2,26.1,26.8,26.8,94,85,91
2014-07-18,28.0,26.0,26.8,16.6,94,85,89
2014-07-19,28.0,25.9,26.9,9.4,91,82,87
2014-07-20,28.0,25.3,26.5,10.7,93,80,88
2014-07-21,26.5,24.7,25.4,9.3,95,86,91
2014-07-22,26.4,24.9,25.5,12.7,93,84,90
2014-07-23,26.5,24.8,25.8,36.5,94,86,90
2014-07-24,27.9,24.9,26.4,17.2,90,80,86
2014-07-25,28.1,24.9,26.2,7.8,94,82,88
2014-07-26,28.2,24.9,26.4,7.4,95,82,88
2014-07-27,27.1,25.0,26.0,28.3,95,88,92
2014-07-28,26.8,25.4,25.9,39.5,94,87,92
2014-07-29,26.1,25.6,25.8,110.0,93,91,92
2014-07-30,26.9,25.6,26.0,59.4,93,88,92
2014-07-31,26.8,25.5,26.0,87.2,94,90,93
2014-08-01,27.6,25.5,26.3,32.4,94,86,90
2014-08-02,28.0,25.7,26.4,17.9,95,84,90
2014-08-03,27.6,25.6,26.4,36.2,94,84,91
2014-08-04,27.5,25.4,26.2,34.6,93,85,91
2014-08-05,27.2,25.0,25.8,23.9,94,84,90
2014-08-06,26.7,24.8,25.5,18.2,94,85,91
2014-08-07,26.7,24.8,25.5,16.5,94,84,91
2014-08-08,27.1,24.5,25.3,13.1,95,84,91
2014-08-09,27.4,24.6,25.8,8.7,95,83,89
2014-08-10,27.7,24.6,25.8,10.0,95,84,91
2014-08-11,27.5,24.6,25.7,7.9,96,85,91
2014-08-12,27.5,24.8,25.9,11.6,95,85,90
2014-08-13,27.9,24.9,26.2,9.2,94,83,89
2014-08-14,27.6,25.5,26.4,10.2,91,82,87
2014-08-15,27.3,25.0,25.9,12.9,94,84,89
2014-08-16,27.6,24.7,25.9,6.8,93,83,89
2014-08-17,27.7,24.9,26.2,4.9,93,82,88
2014-08-18,28.4,24.6,26.4,0.8,94,80,87
2014-08-19,29.1,25.5,27.1,1.7,93,80,86
2014-08-20,29.3,26.2,27.3,5.9,93,79,87
2014-08-21,29.2,26.1,27.3,6.5,93,82,88
2014-08-22,28.3,25.9,26.7,11.6,95,83,90
2014-08-23,30.5,25.4,27.7,0.1,96,74,87
2014-08-24,29.8,25.7,27.3,13.4,96,79,89
2014-08-25,27.9,26.0,26.8,16.9,95,84,90
2014-08-26,26.4,25.2,25.9,40.1,94,88,91
2014-08-27,26.7,25.1,25.7,36.9,93,86,91
2014-08-28,28.1,24.8,25.9,25.7,96,79,91
2014-08-29,29.6,24.9,26.7,13.4,94,74,88
2014-08-30,28.1,25.6,26.5,21.6,94,84,90
2014-08-31,26.2,25.6,25.8,105.8,95,89,93
2014-09-01,26.2,25.3,25.6,122.7,94,88,92
2014-09-02,26.8,25.1,25.7,28.1,94,88,91
2014-09-03,27.6,25.3,26.0,18.9,94,85,91
2014-09-04,27.6,25.4,26.1,17.0,94,83,91
2014-09-05,27.3,25.2,25.9,42.4,94,85,91
2014-09-06,28.4,25.2,26.7,6.8,94,81,87
2014-09-07,28.1,26.0,26.8,3.7,89,78,85
2014-09-08,26.5,25.3,25.9,11.4,92,86,89
2014-09-09,26.5,24.7,25.4,10.7,92,83,89
2014-09-10,26.3,24.7,25.5,8.2,93,87,91
2014-09-11,27.3,24.4,25.6,4.0,96,85,91
2014-09-12,27.5,24.7,25.8,5.7,95,84,90
2014-09-13,27.7,24.6,26.0,5.5,95,81,89
2014-09-14,28.1,24.6,26.2,1.3,94,80,88
2014-09-15,28.6,24.7,26.4,1.1,92,77,86
2014-09-16,28.6,24.0,26.5,2.6,95,74,84
2014-09-17,28.7,23.8,26.4,0.9,95,75,85
2014-09-18,29.3,25.2,27.0,0.7,90,75,82
2014-09-19,28.5,25.8,27.1,1.7,89,77,83
2014-09-20,28.4,25.4,26.9,2.3,91,75,83
2014-09-21,28.9,24.6,26.8,1.1,94,75,84
2014-09-22,29.2,24.7,27.0,0.3,94,74,84
2014-09-23,29.7,24.2,27.5,0.0,96,69,81
2014-09-24,29.9,25.2,27.5,0.0,92,70,82
2014-09-25,30.9,25.8,28.1,1.4,94,69,82
2014-09-26,31.4,26.0,28.3,2.1,93,69,83
2014-09-27,32.7,26.7,29.2,0.0,94,59,81
2014-09-28,33.9,26.0,29.7,0.0,90,52,75
2014-09-29,33.3,25.6,29.5,0.0,94,57,78
2014-09-30,32.9,27.1,29.3,0.0,95,59,83
2014-10-01,32.0,26.7,28.8,0.7,94,64,84
2014-10-02,33.3,26.5,29.5,0.0,97,58,81
2014-10-03,33.3,27.6,29.9,0.0,94,58,79
2014-10-04,32.0,27.3,29.4,0.7,96,70,84
2014-10-05,32.7,26.4,29.3,1.3,97,64,83
2014-10-06,33.2,27.1,29.6,0.0,92,59,79
2014-10-07,31.9,26.4,28.8,1.1,94,68,82
2014-10-08,30.8,25.2,27.5,6.3,95,71,84
2014-10-09,31.0,25.2,28.0,0.4,95,69,83
2014-10-10,32.1,25.9,28.8,1.2,94,67,82
2014-10-11,32.9,26.9,29.4,0.1,98,60,82
2014-10-12,32.9,24.2,28.7,0.0,93,56,76
2014-10-13,31.7,24.9,28.6,0.0,92,66,80
2014-10-14,30.8,24.7,27.8,0.0,97,67,84
2014-10-15,33.0,24.3,28.6,0.0,98,59,80
2014-10-16,34.0,26.6,29.9,0.2,92,53,73
2014-10-17,33.7,26.3,30.1,0.0,94,53,75
2014-10-18,33.4,25.6,29.6,0.0,94,53,71
2014-10-19,33.3,26.3,29.6,0.0,88,53,71
2014-10-20,34.2,26.8,30.3,0.0,88,48,70
2014-10-21,34.4,27.2,30.4,0.0,81,43,66
2014-10-22,34.6,26.3,30.5,0.0,85,43,66
2014-10-23,34.0,27.2,30.3,0.0,84,42,65
2014-10-24,32.5,25.8,29.5,0.0,92,46,70
2014-10-25,29.1,25.1,27.1,0.5,71,56,65
2014-10-26,29.7,25.8,27.2,0.2,74,50,63
2014-10-27,28.2,25.4,26.5,0.0,78,58,71
2014-10-28,31.8,23.7,27.2,0.0,90,47,71
2014-10-29,32.6,22.8,27.5,0.0,91,41,70
2014-10-30,32.9,22.3,27.5,0.0,89,37,67
2014-10-31,32.3,22.4,27.3,0.0,92,38,67
2014-11-01,32.9,22.7,27.8,0.0,86,39,66
2014-11-02,32.8,23.2,28.2,0.0,89,43,67
2014-11-03,34.4,23.6,28.6,0.0,81,37,63
2014-11-04,33.9,22.9,28.3,0.0,89,36,65
2014-11-05,33.5,23.6,28.1,0.0,84,37,64
2014-11-06,32.8,24.4,27.8,0.0,90,40,68
2014-11-07,33.2,23.9,28.0,0.0,84,37,63
2014-11-08,33.5,24.3,28.7,0.0,71,34,55
2014-11-09,33.7,23.6,28.5,0.0,72,30,56
2014-11-10,34.0,23.9,28.5,0.0,83,35,61
2014-11-11,32.0,24.2,28.4,0.8,90,58,72
2014-11-12,32.7,25.7,29.2,0.0,92,54,74
2014-11-13,33.7,25.4,28.8,3.2,90,49,73
2014-11-14,31.7,26.4,29.0,0.0,80,53,66
2014-11-15,30.2,25.8,27.7,2.1,89,60,75
2014-11-16,30.7,25.5,27.5,0.0,88,61,79
2014-11-17,32.3,25.7,28.5,0.0,87,54,75
2014-11-18,33.1,25.5,29.0,0.0,90,51,73
2014-11-19,32.9,25.7,29.0,0.0,90,48,72
2014-11-20,33.6,24.8,29.2,0.0,92,40,67
2014-11-21,32.9,24.0,28.4,0.0,81,39,60
2014-11-22,32.6,22.3,27.5,0.0,82,37,61
2014-11-23,32.3,22.9,27.5,0.0,79,41,63
2014-11-24,33.4,24.1,28.4,0.0,75,34,58
2014-11-25,33.2,23.1,28.0,0.0,84,32,59
2014-11-26,32.7,22.1,27.2,0.0,81,26,58
2014-11-27,32.5,20.6,26.7,0.0,86,30,60
2014-11-28,32.5,20.8,26.7,0.0,87,33,63
2014-11-29,32.2,21.0,26.7,0.0,87,34,65
2014-11-30,33.0,21.3,27.0,0.0,88,28,60
2014-12-01,31.7,22.1,26.9,0.0,67,27,51
2014-12-02,33.1,23.0,27.6,0.0,70,29,54
2014-12-03,32.7,22.2,27.2,0.0,76,34,60
2014-12-04,32.5,22.1,27.2,0.0,84,38,63
2014-12-05,33.0,22.3,27.1,0.0,81,27,57
2014-12-06,33.0,21.2,26.6,0.0,86,26,59
2014-12-07,32.5,20.9,26.2,0.0,81,30,58
2014-12-08,32.5,19.5,26.2,0.0,86,31,61
2014-12-09,32.2,20.7,26.4,0.0,85,38,64
2014-12-10,32.2,22.6,26.9,0.0,77,42,63
2014-12-11,31.5,23.5,26.9,0.0,81,48,68
2014-12-12,29.9,23.0,26.1,6.1,95,66,83
2014-12-13,27.6,22.8,24.8,4.7,94,72,81
2014-12-14,28.7,20.9,24.3,0.0,92,30,59
2014-12-15,29.2,19.4,23.7,0.0,52,24,41
2014-12-16,30.8,19.8,24.8,0.0,62,35,50
2014-12-17,29.9,20.4,24.7,0.0,71,32,55
2014-12-18,29.4,18.8,23.8,0.0,74,25,52
2014-12-19,31.3,20.2,25.0,0.0,62,31,50
2014-12-20,30.7,20.9,25.1,0.0,70,33,55
2014-12-21,30.4,19.7,24.6,0.0,79,31,59
2014-12-22,30.3,17.7,24.1,0.0,88,27,60
2014-12-23,29.6,17.3,23.6,0.0,84,34,62
2014-12-24,30.0,19.0,23.9,0.0,80,35,63
2014-12-25,30.5,19.0,24.6,0.0,85,36,63
2014-12-26,30.7,20.2,25.2,0.0,77,31,56
2014-12-27,30.0,19.8,24.5,0.0,69,28,52
2014-12-28,29.6,18.9,23.9,0.0,69,27,53
2014-12-29,29.8,17.8,23.4,0.0,79,28,57
2014-12-30,27.4,18.2,23.0,0.0,85,41,67
2014-12-31,26.4,19.2,22.9,0.0,95,50,70
