Feature,Pearson,Spearman,MI,IsConstant
rolling_mean_7d,0.7543,0.798,0.6291,False
rolling_median_30d,0.7528,0.7967,0.6246,False
rolling_median_7d,0.7626,0.7896,0.6144,False
rolling_mean_30d,0.7536,0.795,0.5978,False
ewma_14,0.7608,0.7993,0.5929,False
ewma_28,0.7622,0.7995,0.5916,False
ewma_7,0.7526,0.7928,0.5739,False
rolling_max_7d,0.5591,0.7619,0.5622,False
lag_7,0.6578,0.7312,0.5284,False
rolling_max_30d,0.4159,0.733,0.5206,False
expanding_mean,0.7414,0.7607,0.5176,False
rolling_min_7d,0.7364,0.7181,0.5047,False
lag_14,0.6335,0.7133,0.5013,False
lag_1,0.6563,0.7237,0.4951,False
lag_28,0.6221,0.6904,0.4603,False
rolling_min_30d,0.6863,0.6583,0.4415,False
rolling_std_7d,0.4238,0.707,0.4322,False
expanding_std,0.3864,0.6518,0.3844,False
family_code,0.0346,0.027,0.2034,False
demand_momentum,0.1063,0.0015,0.1653,False
demand_acceleration,0.069,0.036,0.1483,False
fourier_week_sin,-0.0649,-0.1349,0.0182,False
day_of_week,0.0656,0.1326,0.0163,False
is_weekend,0.0841,0.1658,0.0108,False
fourier_week_cos,0.0244,0.007,0.0083,False
rain_last_3d,-0.0044,-0.0043,0.0079,False
is_pre_salary_week,-0.0125,-0.022,0.0062,False
price_Rice_change_7d,0.0,0.0,0.0061,True
fourier_year_cos,0.0155,0.0227,0.005,False
price_Potato_change_7d,0.0,0.0,0.0045,True
is_month_start,0.0179,0.0423,0.0043,False
temperature_2m_max,-0.0081,-0.0106,0.0041,False
price_Tomato,0.0,0.0,0.0038,True
is_raining,-0.0001,-0.0009,0.0034,False
price_Potato,0.0,0.0,0.0034,True
price_Green Chilli_spike_flag,0.0,0.0,0.0029,True
precipitation_sum,-0.0008,-0.0036,0.0029,False
is_late_month,-0.0108,-0.0188,0.0029,False
onpromotion,0.0,0.0,0.0025,True
price_Tomato_change_7d,0.0,0.0,0.0022,True
price_Green Chilli_vs_30d_avg,0.0,0.0,0.0019,True
zero_demand_streak,-0.0021,-0.005,0.0019,False
day_of_month,-0.0159,-0.0356,0.0018,False
quarter,0.0209,0.0221,0.0015,False
is_salary_week,0.0167,0.0406,0.0014,False
days_since_promo,0.0,0.0,0.0011,True
price_Potato_spike_flag,0.0,0.0,0.0008,True
price_Rice,0.0,0.0,0.0007,True
price_Rice_vs_30d_avg,0.0,0.0,0.0006,True
days_from_month_start,-0.0159,-0.0356,0.0004,False
week_of_year,0.0211,0.0204,0.0,False
month,0.0228,0.024,0.0,False
fourier_year_sin,-0.0166,-0.0194,0.0,False
is_month_end,-0.0053,-0.0074,0.0,False
days_before_festival,0.0,0.0,0.0,True
promo_streak,0.0,0.0,0.0,True
price_Tomato_spike_flag,0.0,0.0,0.0,True
price_Tomato_vs_30d_avg,0.0,0.0,0.0,True
is_festival_week,0.0,0.0,0.0,True
festival_importance,0.0,0.0,0.0,True
days_after_festival,0.0,0.0,0.0,True
is_heat_wave,0.0026,0.0045,0.0,False
price_Potato_vs_30d_avg,0.0,0.0,0.0,True
price_Onion_vs_30d_avg,0.0,0.0,0.0,True
price_Onion_spike_flag,0.0,0.0,0.0,True
price_Onion_change_7d,0.0,0.0,0.0,True
price_Onion,0.0,0.0,0.0,True
price_Rice_spike_flag,0.0,0.0,0.0,True
price_Green Chilli,0.0,0.0,0.0,True
price_Green Chilli_change_7d,0.0,0.0,0.0,True
