Feature,Importance_pct
ewma_14,24.07
ewma_7,16.36
lag_1,7.46
ewma_28,6.3
rolling_mean_7d,3.32
seasonal_index,2.5
rolling_mean_30d,2.49
day_of_month,2.45
expanding_std,2.26
rolling_max_30d,1.71
lag_28,1.62
rolling_std_7d,1.62
fourier_year_cos,1.59
rolling_median_30d,1.45
day_of_week,1.43
expanding_mean,1.4
rolling_cv_7d,1.36
lag_7,1.3
rolling_max_7d,1.26
fourier_year_sin,1.24
rolling_median_7d,1.16
demand_acceleration,1.15
lag_14,1.08
temperature_2m_min,0.93
temperature_2m_max,0.91
demand_momentum,0.9
humidity_mean,0.88
temperature_2m_mean,0.84
days_before_festival,0.74
fourier_week_sin,0.74
week_of_year,0.74
demand_stability,0.62
outlet_code,0.62
rain_last_3d,0.57
sales_velocity_7d,0.57
days_from_month_start,0.55
price,0.52
rolling_min_7d,0.48
precipitation_sum,0.47
fourier_week_cos,0.42
month,0.29
product_code,0.28
zero_demand_streak,0.23
is_weekend,0.21
days_after_festival,0.18
rolling_min_30d,0.14
state_code,0.13
festival_importance,0.13
price_vs_avg,0.06
days_since_last_sale,0.06
festival_duration,0.04
quarter,0.03
is_festival_week,0.03
department_code,0.03
price_change_1w,0.02
is_salary_week,0.02
is_month_start,0.01
is_month_end,0.01
is_raining,0.01
is_late_month,0.01
festival_type_code,0.01
is_pre_salary_week,0.01
intermittent_flag,0.0
category_code,0.0
is_heat_wave,0.0
