Feature,SHAP_mean_abs
ewma_14,0.447
ewma_28,0.3389
ewma_7,0.2284
lag_1,0.1216
seasonal_index,0.1103
day_of_week,0.0936
expanding_std,0.0762
expanding_mean,0.0679
rolling_mean_7d,0.0527
day_of_month,0.0471
rolling_mean_30d,0.0448
price,0.0446
zero_demand_streak,0.0427
fourier_week_sin,0.0411
rolling_median_30d,0.0376
rolling_median_7d,0.035
demand_acceleration,0.0249
rolling_std_7d,0.0247
is_weekend,0.0217
demand_momentum,0.0211
rolling_max_7d,0.0151
lag_7,0.0151
rolling_max_30d,0.0147
lag_28,0.0145
sales_velocity_7d,0.0141
days_since_last_sale,0.0133
outlet_code,0.0128
product_code,0.012
rolling_cv_7d,0.0115
days_from_month_start,0.0112
lag_14,0.0099
humidity_mean,0.0099
week_of_year,0.0082
fourier_year_cos,0.0071
fourier_year_sin,0.0064
temperature_2m_mean,0.0063
month,0.006
fourier_week_cos,0.006
days_before_festival,0.0059
demand_stability,0.0058
temperature_2m_min,0.0057
temperature_2m_max,0.0055
rolling_min_7d,0.0052
rolling_min_30d,0.0037
rain_last_3d,0.0033
days_after_festival,0.003
precipitation_sum,0.0025
department_code,0.0024
state_code,0.0021
price_vs_avg,0.002
festival_importance,0.0016
is_month_start,0.0015
price_change_1w,0.0014
is_salary_week,0.0013
quarter,0.001
festival_duration,0.0008
is_pre_salary_week,0.0004
is_festival_week,0.0004
intermittent_flag,0.0004
is_late_month,0.0003
is_month_end,0.0002
category_code,0.0002
festival_type_code,0.0002
is_raining,0.0001
is_heat_wave,0.0
