product_identifier,outlet,year_week,actual_weekly_sales,v6_weekly_pred,v7_weekly_pred,zero_days_in_week
74,111,2014-04,2,1.27,0.0,2
74,111,2014-05,2,2.08,0.0,5
74,111,2014-06,0,1.8900000000000001,0.0,7
74,111,2014-07,4,2.24,0.0,3
74,111,2014-08,1,1.88,0.0,5
74,112,2014-04,0,0.18,0.0,4
74,112,2014-05,0,0.13,0.0,7
74,112,2014-06,0,0.09,0.0,7
74,112,2014-07,0,0.09,0.0,7
74,112,2014-08,0,0.05,0.0,6
74,113,2014-04,3,2.0300000000000002,0.0,3
74,113,2014-05,5,5.82,0.0,6
74,113,2014-06,6,5.67,0.0,2
74,113,2014-07,2,5.08,0.0,5
74,113,2014-08,1,4.02,0.0,5
74,114,2014-04,0,1.08,0.0,4
74,114,2014-05,3,2.26,0.0,6
74,114,2014-06,1,2.39,0.0,6
74,114,2014-07,0,1.99,0.0,7
74,114,2014-08,1,1.58,0.0,5
74,221,2014-04,5,1.8599999999999999,0.0,2
74,221,2014-05,7,3.91,0.0,3
74,221,2014-06,3,4.83,0.0,5
74,221,2014-07,7,4.96,0.0,4
74,221,2014-08,3,3.58,0.0,3
74,222,2014-04,3,1.3,0.0,1
74,222,2014-05,1,2.99,0.0,6
74,222,2014-06,3,3.43,0.0,4
74,222,2014-07,2,3.59,0.0,6
74,222,2014-08,0,1.79,0.0,6
74,223,2014-04,0,3.38,0.0,4
74,223,2014-05,8,5.83,0.0,3
74,223,2014-06,2,5.5,0.0,5
74,223,2014-07,1,2.27,0.0,6
74,223,2014-08,1,2.44,0.0,5
74,331,2014-04,0,0.14,0.0,4
74,331,2014-05,0,0.19,0.0,7
74,331,2014-06,0,0.08,0.0,7
74,331,2014-07,0,0.2,0.0,7
74,331,2014-08,1,0.92,0.0,5
74,332,2014-04,0,0.89,0.0,4
74,332,2014-05,0,1.1099999999999999,0.0,7
74,332,2014-06,0,0.54,0.0,7
74,332,2014-07,0,0.28,0.0,7
74,332,2014-08,4,0.8799999999999999,0.0,5
74,333,2014-04,0,0.13,0.0,4
74,333,2014-05,1,1.61,0.0,6
74,333,2014-06,0,1.09,0.0,7
74,333,2014-07,4,1.1,0.0,5
74,333,2014-08,0,1.98,0.0,6
337,111,2014-04,8,6.52,8.0,0
337,111,2014-05,9,10.48,12.0,2
337,111,2014-06,5,9.56,12.0,4
337,111,2014-07,8,8.57,10.0,2
337,111,2014-08,4,6.6,8.0,3
337,112,2014-04,2,3.44,1.0,2
337,112,2014-05,8,5.78,2.0,3
337,112,2014-06,5,5.6899999999999995,4.0,4
337,112,2014-07,6,6.0,4.0,2
337,112,2014-08,0,4.52,2.0,6
337,113,2014-04,1,3.76,2.0,3
337,113,2014-05,10,6.65,5.0,3
337,113,2014-06,4,7.54,6.0,3
337,113,2014-07,5,9.35,2.0,5
337,113,2014-08,9,6.13,4.0,3
337,114,2014-04,4,5.83,8.0,1
337,114,2014-05,18,10.78,14.0,0
337,114,2014-06,8,11.530000000000001,14.0,1
337,114,2014-07,11,10.89,14.0,2
337,114,2014-08,6,8.6,12.0,3
337,221,2014-04,2,2.27,0.0,3
337,221,2014-05,2,4.74,0.0,5
337,221,2014-06,6,4.64,0.0,3
337,221,2014-07,2,4.76,0.0,5
337,221,2014-08,3,3.91,0.0,4
337,222,2014-04,4,3.69,2.0,2
337,222,2014-05,7,5.970000000000001,4.0,4
337,222,2014-06,3,6.11,3.0,4
337,222,2014-07,5,5.9,4.0,3
337,222,2014-08,2,4.48,1.0,5
337,223,2014-04,2,1.43,0.0,3
337,223,2014-05,1,3.35,0.0,6
337,223,2014-06,4,3.13,0.0,3
337,223,2014-07,4,3.46,0.0,5
337,223,2014-08,2,2.94,0.0,5
337,331,2014-04,20,14.309999999999999,14.0,0
337,331,2014-05,33,26.91,29.0,0
337,331,2014-06,31,25.97,29.0,0
337,331,2014-07,18,23.560000000000002,25.0,1
337,331,2014-08,14,18.43,19.0,1
337,332,2014-04,7,9.05,9.0,1
337,332,2014-05,17,16.51,16.0,0
337,332,2014-06,23,15.73,16.0,0
337,332,2014-07,11,15.620000000000001,15.0,0
337,332,2014-08,10,12.04,12.0,0
337,333,2014-04,8,4.720000000000001,2.0,2
337,333,2014-05,9,9.37,8.0,3
337,333,2014-06,11,9.52,12.0,0
337,333,2014-07,8,9.0,14.0,3
337,333,2014-08,9,7.36,8.0,1
423,111,2014-04,2,1.8,0.0,2
423,111,2014-05,3,3.1,0.0,5
423,111,2014-06,6,3.79,0.0,3
423,111,2014-07,2,3.41,0.0,6
423,111,2014-08,0,2.34,0.0,6
423,112,2014-04,0,2.58,0.0,4
423,112,2014-05,5,4.02,0.0,3
423,112,2014-06,3,3.67,0.0,4
423,112,2014-07,1,3.19,0.0,6
423,112,2014-08,4,2.12,0.0,4
423,113,2014-04,0,0.52,0.0,4
423,113,2014-05,0,0.78,0.0,7
423,113,2014-06,0,0.56,0.0,7
423,113,2014-07,2,0.73,0.0,5
423,113,2014-08,1,1.99,0.0,5
423,114,2014-04,0,0.78,0.0,4
423,114,2014-05,2,1.95,0.0,5
423,114,2014-06,6,3.0,0.0,4
423,114,2014-07,0,2.4699999999999998,0.0,7
423,114,2014-08,1,1.59,0.0,5
423,221,2014-04,0,0.96,0.0,4
423,221,2014-05,0,0.89,0.0,7
423,221,2014-06,3,1.23,0.0,4
423,221,2014-07,0,1.28,0.0,7
423,221,2014-08,2,0.74,0.0,4
423,222,2014-04,2,2.38,0.0,2
423,222,2014-05,9,6.140000000000001,0.0,4
423,222,2014-06,11,7.3100000000000005,0.0,4
423,222,2014-07,0,4.7,0.0,7
423,222,2014-08,1,3.38,0.0,5
423,223,2014-04,1,1.8,0.0,3
423,223,2014-05,7,4.22,0.0,4
423,223,2014-06,7,4.61,0.0,3
423,223,2014-07,3,4.57,0.0,4
423,223,2014-08,0,3.2800000000000002,0.0,6
423,331,2014-04,1,0.98,0.0,3
423,331,2014-05,6,2.94,0.0,4
423,331,2014-06,7,4.99,0.0,4
423,331,2014-07,0,3.06,0.0,7
423,331,2014-08,2,2.5300000000000002,0.0,5
423,332,2014-04,0,0.8200000000000001,0.0,4
423,332,2014-05,1,1.55,0.0,6
423,332,2014-06,2,1.9,0.0,5
423,332,2014-07,5,2.11,0.0,5
423,332,2014-08,2,2.33,0.0,4
423,333,2014-04,2,1.07,0.0,2
423,333,2014-05,1,2.36,0.0,6
423,333,2014-06,1,2.08,0.0,6
423,333,2014-07,0,1.51,0.0,7
423,333,2014-08,1,1.25,0.0,5
432,111,2014-04,2,0.53,0.0,2
432,111,2014-05,0,1.03,0.0,7
432,111,2014-06,0,0.67,0.0,7
432,111,2014-07,0,0.4,0.0,7
432,111,2014-08,0,0.18,0.0,6
432,112,2014-04,0,0.05,0.0,4
432,112,2014-05,0,0.08,0.0,7
432,112,2014-06,0,0.08,0.0,7
432,112,2014-07,0,0.08,0.0,7
432,112,2014-08,0,0.05,0.0,6
432,113,2014-04,1,0.78,0.0,3
432,113,2014-05,1,1.76,0.0,6
432,113,2014-06,2,1.58,0.0,5
432,113,2014-07,1,1.82,0.0,6
432,113,2014-08,1,1.46,0.0,5
432,114,2014-04,0,0.05,0.0,4
432,114,2014-05,0,0.15,0.0,7
432,114,2014-06,0,0.15,0.0,7
432,114,2014-07,0,0.15,0.0,7
432,114,2014-08,0,0.11,0.0,6
432,221,2014-04,2,0.72,0.0,2
432,221,2014-05,0,0.98,0.0,7
432,221,2014-06,2,0.97,0.0,5
432,221,2014-07,1,1.09,0.0,6
432,221,2014-08,2,1.12,0.0,5
432,222,2014-04,2,1.29,0.0,2
432,222,2014-05,3,2.5300000000000002,0.0,5
432,222,2014-06,1,2.7,0.0,6
432,222,2014-07,1,2.36,0.0,6
432,222,2014-08,1,1.96,0.0,5
432,223,2014-04,2,0.75,0.0,3
432,223,2014-05,2,1.9100000000000001,0.0,6
432,223,2014-06,2,1.9,0.0,6
432,223,2014-07,0,1.82,0.0,7
432,223,2014-08,2,1.4100000000000001,0.0,5
432,331,2014-04,0,0.2,0.0,4
432,331,2014-05,1,0.73,0.0,6
432,331,2014-06,0,0.8200000000000001,0.0,7
432,331,2014-07,0,0.64,0.0,7
432,331,2014-08,0,0.43,0.0,6
432,332,2014-04,2,0.74,0.0,3
432,332,2014-05,0,1.4000000000000001,0.0,7
432,332,2014-06,1,1.33,0.0,6
432,332,2014-07,1,1.27,0.0,6
432,332,2014-08,0,0.96,0.0,6
432,333,2014-04,0,0.49,0.0,4
432,333,2014-05,0,0.64,0.0,7
432,333,2014-06,1,0.92,0.0,6
432,333,2014-07,1,0.9,0.0,6
432,333,2014-08,1,0.96,0.0,5
581,111,2014-04,10,5.43,4.0,0
581,111,2014-05,10,10.379999999999999,12.0,1
581,111,2014-06,13,10.34,14.0,2
581,111,2014-07,10,10.76,14.0,1
581,111,2014-08,11,8.51,10.0,2
581,112,2014-04,2,2.6,0.0,3
581,112,2014-05,2,4.87,1.0,5
581,112,2014-06,15,6.92,0.0,3
581,112,2014-07,6,7.75,4.0,4
581,112,2014-08,3,5.84,2.0,4
581,113,2014-04,7,8.58,9.0,1
581,113,2014-05,18,16.0,16.0,2
581,113,2014-06,18,15.88,16.0,1
581,113,2014-07,24,15.370000000000001,17.0,0
581,113,2014-08,20,13.55,16.0,1
581,114,2014-04,3,2.43,0.0,2
581,114,2014-05,2,3.72,0.0,5
581,114,2014-06,7,3.54,0.0,3
581,114,2014-07,1,3.54,0.0,6
581,114,2014-08,4,2.94,0.0,3
581,221,2014-04,0,0.96,0.0,4
581,221,2014-05,0,1.46,0.0,7
581,221,2014-06,0,0.89,0.0,7
581,221,2014-07,12,7.699999999999999,8.0,3
581,221,2014-08,12,8.3,10.0,1
581,222,2014-04,0,0.76,0.0,4
581,222,2014-05,0,1.45,0.0,7
581,222,2014-06,4,2.08,2.0,5
581,222,2014-07,18,17.12,14.0,0
581,222,2014-08,19,13.78,12.0,0
581,223,2014-04,2,2.39,1.0,2
581,223,2014-05,8,6.44,1.0,2
581,223,2014-06,9,7.68,6.0,1
581,223,2014-07,9,8.39,6.0,4
581,223,2014-08,13,7.68,8.0,2
581,331,2014-04,1,2.65,0.0,3
581,331,2014-05,7,5.16,0.0,4
581,331,2014-06,5,5.46,1.0,2
581,331,2014-07,2,5.2,1.0,5
581,331,2014-08,2,4.17,0.0,4
581,332,2014-04,10,3.7199999999999998,2.0,1
581,332,2014-05,4,6.63,2.0,4
581,332,2014-06,2,5.59,2.0,6
581,332,2014-07,5,3.7399999999999998,0.0,4
581,332,2014-08,3,4.22,0.0,4
581,333,2014-04,3,2.85,0.0,2
581,333,2014-05,6,6.0,0.0,4
581,333,2014-06,7,7.45,3.0,2
581,333,2014-07,1,5.43,2.0,6
581,333,2014-08,4,4.4,1.0,3
611,111,2014-04,11,8.56,8.0,1
611,111,2014-05,18,16.67,16.0,0
611,111,2014-06,24,16.68,18.0,0
611,111,2014-07,18,16.41,16.0,0
611,111,2014-08,21,13.18,17.0,0
611,112,2014-04,9,8.62,7.0,0
611,112,2014-05,22,16.55,15.0,1
611,112,2014-06,20,14.74,14.0,3
611,112,2014-07,29,16.23,17.0,0
611,112,2014-08,1,11.64,9.0,5
611,113,2014-04,10,15.27,13.0,0
611,113,2014-05,25,25.7,23.0,0
611,113,2014-06,38,23.66,28.0,1
611,113,2014-07,26,25.78,28.0,1
611,113,2014-08,30,21.66,23.0,0
611,114,2014-04,7,5.95,8.0,0
611,114,2014-05,16,11.82,14.0,1
611,114,2014-06,12,11.82,14.0,0
611,114,2014-07,9,11.69,14.0,2
611,114,2014-08,12,9.11,10.0,2
611,221,2014-04,7,5.83,6.0,1
611,221,2014-05,13,12.04,14.0,0
611,221,2014-06,21,12.51,15.0,1
611,221,2014-07,17,12.8,14.0,1
611,221,2014-08,5,10.1,9.0,3
611,222,2014-04,13,7.16,8.0,0
611,222,2014-05,11,14.21,14.0,3
611,222,2014-06,19,13.899999999999999,14.0,0
611,222,2014-07,19,15.27,16.0,1
611,222,2014-08,16,11.69,14.0,1
611,223,2014-04,5,5.7,8.0,1
611,223,2014-05,15,10.66,14.0,0
611,223,2014-06,16,12.059999999999999,14.0,1
611,223,2014-07,9,11.07,12.0,3
611,223,2014-08,9,7.97,8.0,3
611,331,2014-04,6,5.76,8.0,1
611,331,2014-05,12,12.62,14.0,0
611,331,2014-06,14,11.96,14.0,2
611,331,2014-07,12,11.16,14.0,3
611,331,2014-08,10,9.1,10.0,2
611,332,2014-04,7,5.9,8.0,2
611,332,2014-05,19,12.4,14.0,0
611,332,2014-06,15,12.51,14.0,2
611,332,2014-07,10,12.2,12.0,2
611,332,2014-08,12,10.49,12.0,0
611,333,2014-04,8,4.9,4.0,0
611,333,2014-05,4,8.35,6.0,4
611,333,2014-06,9,8.45,10.0,1
611,333,2014-07,21,9.469999999999999,14.0,0
611,333,2014-08,5,8.78,12.0,2
631,111,2014-04,13,7.82,9.0,0
631,111,2014-05,16,15.0,15.0,1
631,111,2014-06,15,13.95,16.0,1
631,111,2014-07,8,12.92,14.0,2
631,111,2014-08,14,10.34,12.0,2
631,112,2014-04,7,4.63,4.0,0
631,112,2014-05,8,8.95,8.0,2
631,112,2014-06,7,8.83,10.0,3
631,112,2014-07,10,8.51,6.0,2
631,112,2014-08,12,7.26,6.0,1
631,113,2014-04,3,4.23,4.0,2
631,113,2014-05,8,8.35,10.0,2
631,113,2014-06,18,8.53,8.0,1
631,113,2014-07,11,9.92,10.0,2
631,113,2014-08,10,8.43,12.0,1
631,114,2014-04,5,2.63,1.0,0
631,114,2014-05,3,5.09,1.0,4
631,114,2014-06,9,5.25,2.0,3
631,114,2014-07,7,5.75,2.0,4
631,114,2014-08,0,4.19,1.0,6
631,221,2014-04,0,0.81,0.0,4
631,221,2014-05,2,1.87,0.0,5
631,221,2014-06,2,1.91,0.0,5
631,221,2014-07,2,1.81,0.0,5
631,221,2014-08,1,1.53,0.0,5
631,222,2014-04,2,1.0,0.0,3
631,222,2014-05,2,2.2,0.0,5
631,222,2014-06,3,2.34,0.0,5
631,222,2014-07,3,2.33,0.0,4
631,222,2014-08,0,2.02,0.0,6
631,223,2014-04,3,0.99,0.0,1
631,223,2014-05,1,2.2199999999999998,0.0,6
631,223,2014-06,2,2.13,0.0,5
631,223,2014-07,4,2.19,0.0,4
631,223,2014-08,2,2.11,0.0,4
631,331,2014-04,4,3.6,2.0,1
631,331,2014-05,8,7.140000000000001,4.0,4
631,331,2014-06,11,7.300000000000001,4.0,1
631,331,2014-07,13,7.6899999999999995,8.0,1
631,331,2014-08,7,7.26,6.0,3
631,332,2014-04,4,2.01,0.0,2
631,332,2014-05,3,4.3,0.0,6
631,332,2014-06,4,4.01,0.0,3
631,332,2014-07,4,4.09,0.0,4
631,332,2014-08,2,3.3,0.0,4
631,333,2014-04,1,2.02,0.0,3
631,333,2014-05,2,3.83,0.0,5
631,333,2014-06,6,3.66,0.0,3
631,333,2014-07,2,3.7600000000000002,0.0,5
631,333,2014-08,2,2.93,0.0,5
659,111,2014-04,3,2.7800000000000002,1.0,2
659,111,2014-05,4,5.29,2.0,5
659,111,2014-06,7,5.24,1.0,3
659,111,2014-07,7,5.55,2.0,3
659,111,2014-08,2,4.74,1.0,4
659,112,2014-04,5,4.24,4.0,1
659,112,2014-05,7,7.91,8.0,3
659,112,2014-06,8,7.9399999999999995,8.0,1
659,112,2014-07,6,8.11,10.0,3
659,112,2014-08,7,6.71,8.0,1
659,113,2014-04,0,4.7,0.0,4
659,113,2014-05,0,4.5600000000000005,0.0,7
659,113,2014-06,6,2.13,0.0,5
659,113,2014-07,4,5.02,0.0,4
659,113,2014-08,7,4.06,0.0,1
659,114,2014-04,2,2.4,0.0,3
659,114,2014-05,0,4.11,0.0,7
659,114,2014-06,9,4.22,0.0,2
659,114,2014-07,6,5.23,0.0,3
659,114,2014-08,2,4.23,0.0,5
659,221,2014-04,2,1.9000000000000001,0.0,3
659,221,2014-05,5,4.29,0.0,4
659,221,2014-06,8,4.88,0.0,3
659,221,2014-07,2,5.05,0.0,5
659,221,2014-08,2,3.19,0.0,5
659,222,2014-04,4,3.36,1.0,1
659,222,2014-05,2,5.0,1.0,5
659,222,2014-06,4,3.87,0.0,4
659,222,2014-07,4,3.79,0.0,4
659,222,2014-08,2,3.06,0.0,4
659,223,2014-04,3,2.25,0.0,2
659,223,2014-05,2,3.88,0.0,5
659,223,2014-06,5,3.65,0.0,4
659,223,2014-07,4,3.57,0.0,4
659,223,2014-08,6,3.06,0.0,3
659,331,2014-04,8,6.6,8.0,2
659,331,2014-05,15,13.4,14.0,0
659,331,2014-06,8,12.65,14.0,4
659,331,2014-07,6,8.379999999999999,8.0,3
659,331,2014-08,1,7.25,6.0,5
659,332,2014-04,4,2.05,0.0,2
659,332,2014-05,2,3.71,0.0,6
659,332,2014-06,4,3.4400000000000004,0.0,4
659,332,2014-07,4,3.55,0.0,5
659,332,2014-08,4,2.99,0.0,3
659,333,2014-04,6,1.77,0.0,2
659,333,2014-05,5,4.49,0.0,3
659,333,2014-06,0,3.58,0.0,7
659,333,2014-07,2,2.64,0.0,5
659,333,2014-08,0,2.23,0.0,6
743,111,2014-04,5,4.73,2.0,1
743,111,2014-05,4,8.0,3.0,4
743,111,2014-06,12,7.41,1.0,1
743,111,2014-07,6,7.42,3.0,2
743,111,2014-08,3,5.25,1.0,3
743,112,2014-04,4,7.42,8.0,1
743,112,2014-05,15,12.71,14.0,0
743,112,2014-06,11,12.07,14.0,0
743,112,2014-07,13,11.75,14.0,2
743,112,2014-08,11,9.08,12.0,0
743,113,2014-04,7,5.5,3.0,0
743,113,2014-05,11,10.13,7.0,2
743,113,2014-06,6,9.69,3.0,5
743,113,2014-07,10,8.45,3.0,1
743,113,2014-08,2,6.39,1.0,5
743,114,2014-04,0,1.74,0.0,4
743,114,2014-05,2,2.02,0.0,5
743,114,2014-06,5,2.42,0.0,3
743,114,2014-07,1,2.46,0.0,6
743,114,2014-08,4,2.02,0.0,3
743,221,2014-04,2,1.87,0.0,2
743,221,2014-05,5,3.93,0.0,5
743,221,2014-06,4,3.97,0.0,4
743,221,2014-07,5,4.02,0.0,4
743,221,2014-08,4,3.48,0.0,3
743,222,2014-04,4,3.9000000000000004,0.0,2
743,222,2014-05,6,5.25,0.0,2
743,222,2014-06,5,4.81,0.0,3
743,222,2014-07,7,5.58,0.0,3
743,222,2014-08,2,3.92,0.0,4
743,223,2014-04,2,2.49,0.0,3
743,223,2014-05,5,3.8,0.0,3
743,223,2014-06,1,2.81,0.0,6
743,223,2014-07,3,2.5300000000000002,0.0,5
743,223,2014-08,5,2.24,0.0,2
743,331,2014-04,5,5.25,3.0,0
743,331,2014-05,9,9.030000000000001,4.0,1
743,331,2014-06,7,8.05,4.0,1
743,331,2014-07,7,6.63,2.0,2
743,331,2014-08,2,4.95,1.0,4
743,332,2014-04,2,1.54,0.0,2
743,332,2014-05,1,2.84,0.0,6
743,332,2014-06,5,2.95,0.0,3
743,332,2014-07,6,3.0700000000000003,0.0,2
743,332,2014-08,6,3.45,0.0,3
743,333,2014-04,3,1.7,0.0,2
743,333,2014-05,6,3.33,0.0,5
743,333,2014-06,10,4.15,0.0,1
743,333,2014-07,3,5.17,0.0,5
743,333,2014-08,1,2.31,0.0,5
797,111,2014-04,6,7.1899999999999995,8.0,2
797,111,2014-05,10,13.059999999999999,10.0,3
797,111,2014-06,14,13.07,14.0,1
797,111,2014-07,15,13.35,14.0,1
797,111,2014-08,9,11.07,12.0,0
797,112,2014-04,6,13.969999999999999,10.0,0
797,112,2014-05,19,23.54,23.0,1
797,112,2014-06,18,20.82,19.0,0
797,112,2014-07,26,21.41,23.0,0
797,112,2014-08,18,16.83,19.0,1
797,113,2014-04,12,15.100000000000001,15.0,1
797,113,2014-05,26,32.15,26.0,0
797,113,2014-06,36,32.519999999999996,32.0,1
797,113,2014-07,42,32.33,33.0,0
797,113,2014-08,30,24.84,28.0,1
797,114,2014-04,7,4.43,6.0,0
797,114,2014-05,15,9.55,14.0,0
797,114,2014-06,10,10.32,14.0,2
797,114,2014-07,9,9.67,14.0,0
797,114,2014-08,8,7.83,12.0,0
797,221,2014-04,11,7.48,8.0,0
797,221,2014-05,16,14.83,16.0,0
797,221,2014-06,18,15.26,16.0,0
797,221,2014-07,16,15.29,16.0,0
797,221,2014-08,7,11.57,13.0,3
797,222,2014-04,5,7.23,6.0,2
797,222,2014-05,6,12.84,12.0,3
797,222,2014-06,9,11.83,14.0,1
797,222,2014-07,12,11.34,14.0,1
797,222,2014-08,14,9.39,12.0,0
797,223,2014-04,6,5.640000000000001,8.0,0
797,223,2014-05,5,9.65,12.0,3
797,223,2014-06,17,10.09,14.0,0
797,223,2014-07,10,10.53,14.0,1
797,223,2014-08,13,8.780000000000001,12.0,0
797,331,2014-04,5,6.26,8.0,2
797,331,2014-05,13,11.95,14.0,0
797,331,2014-06,12,11.85,14.0,0
797,331,2014-07,13,11.280000000000001,14.0,1
797,331,2014-08,8,9.209999999999999,12.0,1
797,332,2014-04,8,4.8,6.0,1
797,332,2014-05,9,9.29,14.0,2
797,332,2014-06,9,8.5,10.0,3
797,332,2014-07,10,9.17,14.0,3
797,332,2014-08,7,7.51,12.0,1
797,333,2014-04,6,5.71,6.0,0
797,333,2014-05,13,12.45,14.0,1
797,333,2014-06,10,12.469999999999999,14.0,3
797,333,2014-07,10,11.53,14.0,1
797,333,2014-08,11,9.11,12.0,1
868,111,2014-04,2,2.6,0.0,3
868,111,2014-05,7,4.89,0.0,3
868,111,2014-06,1,4.86,0.0,6
868,111,2014-07,8,5.62,0.0,3
868,111,2014-08,11,4.8,0.0,2
868,112,2014-04,2,1.27,0.0,2
868,112,2014-05,6,2.83,0.0,4
868,112,2014-06,1,2.88,0.0,6
868,112,2014-07,2,2.66,0.0,5
868,112,2014-08,7,2.13,0.0,3
868,113,2014-04,1,1.13,0.0,3
868,113,2014-05,1,2.0700000000000003,0.0,6
868,113,2014-06,1,1.6400000000000001,0.0,6
868,113,2014-07,2,1.8199999999999998,0.0,5
868,113,2014-08,6,1.84,0.0,3
868,114,2014-04,2,1.76,0.0,3
868,114,2014-05,6,3.3200000000000003,0.0,3
868,114,2014-06,3,3.44,0.0,4
868,114,2014-07,5,3.6,0.0,4
868,114,2014-08,1,2.9,0.0,5
868,221,2014-04,2,0.73,0.0,2
868,221,2014-05,0,1.58,0.0,7
868,221,2014-06,1,1.51,0.0,6
868,221,2014-07,2,1.26,0.0,6
868,221,2014-08,0,1.3,0.0,6
868,222,2014-04,1,0.81,0.0,3
868,222,2014-05,5,1.93,0.0,4
868,222,2014-06,2,2.5,0.0,5
868,222,2014-07,2,2.36,0.0,6
868,222,2014-08,1,1.88,0.0,5
868,223,2014-04,0,0.94,0.0,4
868,223,2014-05,0,1.61,0.0,7
868,223,2014-06,2,1.52,0.0,5
868,223,2014-07,0,1.55,0.0,7
868,223,2014-08,1,1.02,0.0,5
868,331,2014-04,1,0.82,0.0,3
868,331,2014-05,0,1.15,0.0,7
868,331,2014-06,1,1.12,0.0,6
868,331,2014-07,0,0.9400000000000001,0.0,7
868,331,2014-08,2,0.95,0.0,4
868,332,2014-04,0,0.53,0.0,4
868,332,2014-05,1,1.53,0.0,6
868,332,2014-06,1,1.58,0.0,6
868,332,2014-07,0,1.46,0.0,7
868,332,2014-08,1,1.18,0.0,5
868,333,2014-04,1,0.27,0.0,3
868,333,2014-05,1,1.43,0.0,6
868,333,2014-06,3,1.76,0.0,4
868,333,2014-07,0,1.6,0.0,7
868,333,2014-08,1,1.1600000000000001,0.0,5
904,111,2014-04,14,9.46,9.0,0
904,111,2014-05,10,15.59,16.0,1
904,111,2014-06,10,12.43,12.0,4
904,111,2014-07,16,13.09,14.0,1
904,111,2014-08,16,11.07,12.0,0
904,112,2014-04,3,10.13,10.0,1
904,112,2014-05,31,16.78,16.0,2
904,112,2014-06,3,10.7,12.0,5
904,112,2014-07,17,13.25,9.0,3
904,112,2014-08,6,11.01,9.0,2
904,113,2014-04,6,5.73,8.0,1
904,113,2014-05,13,10.26,12.0,3
904,113,2014-06,10,10.58,8.0,3
904,113,2014-07,8,10.22,12.0,3
904,113,2014-08,7,8.18,8.0,3
904,114,2014-04,5,4.4399999999999995,4.0,1
904,114,2014-05,9,7.9,6.0,2
904,114,2014-06,10,7.98,8.0,2
904,114,2014-07,10,7.92,8.0,2
904,114,2014-08,9,7.15,10.0,1
904,221,2014-04,1,1.01,0.0,3
904,221,2014-05,2,2.81,0.0,6
904,221,2014-06,2,3.1,0.0,5
904,221,2014-07,2,2.7600000000000002,0.0,5
904,221,2014-08,1,2.43,0.0,5
904,222,2014-04,0,2.2800000000000002,0.0,4
904,222,2014-05,1,3.74,0.0,6
904,222,2014-06,5,3.5300000000000002,0.0,3
904,222,2014-07,5,3.7199999999999998,0.0,2
904,222,2014-08,3,3.04,0.0,3
904,223,2014-04,0,1.04,0.0,4
904,223,2014-05,4,2.02,0.0,4
904,223,2014-06,0,2.73,0.0,7
904,223,2014-07,2,2.05,0.0,5
904,223,2014-08,0,1.85,0.0,6
904,331,2014-04,6,5.82,6.0,0
904,331,2014-05,4,9.21,12.0,4
904,331,2014-06,7,7.970000000000001,8.0,1
904,331,2014-07,6,7.54,8.0,3
904,331,2014-08,5,5.76,2.0,3
904,332,2014-04,5,2.48,1.0,2
904,332,2014-05,4,5.58,0.0,3
904,332,2014-06,11,5.82,2.0,3
904,332,2014-07,8,6.64,2.0,3
904,332,2014-08,6,5.529999999999999,0.0,3
904,333,2014-04,2,3.2,0.0,2
904,333,2014-05,6,5.76,0.0,4
904,333,2014-06,3,5.72,0.0,4
904,333,2014-07,3,5.21,0.0,4
904,333,2014-08,2,3.99,0.0,4
926,111,2014-04,0,0.16,0.0,4
926,111,2014-05,0,0.17,0.0,7
926,111,2014-06,0,0.17,0.0,7
926,111,2014-07,0,0.17,0.0,7
926,111,2014-08,0,0.12,0.0,6
926,112,2014-04,0,0.1,0.0,4
926,112,2014-05,0,0.13,0.0,7
926,112,2014-06,0,0.09,0.0,7
926,112,2014-07,0,0.06,0.0,7
926,112,2014-08,0,0.03,0.0,6
926,113,2014-04,1,0.36,0.0,3
926,113,2014-05,1,1.45,0.0,6
926,113,2014-06,0,0.8400000000000001,0.0,7
926,113,2014-07,0,0.42000000000000004,0.0,7
926,113,2014-08,1,0.9,0.0,5
926,114,2014-04,0,0.42,0.0,4
926,114,2014-05,0,0.72,0.0,7
926,114,2014-06,1,0.73,0.0,6
926,114,2014-07,0,1.07,0.0,7
926,114,2014-08,0,0.67,0.0,6
926,221,2014-04,0,0.53,0.0,4
926,221,2014-05,1,1.1400000000000001,0.0,6
926,221,2014-06,0,1.0,0.0,7
926,221,2014-07,0,0.67,0.0,7
926,221,2014-08,0,0.35,0.0,6
926,222,2014-04,1,0.9299999999999999,0.0,3
926,222,2014-05,2,1.8900000000000001,0.0,6
926,222,2014-06,0,1.93,0.0,7
926,222,2014-07,0,1.3,0.0,7
926,222,2014-08,1,0.8500000000000001,0.0,5
926,223,2014-04,3,0.72,0.0,1
926,223,2014-05,0,1.63,0.0,7
926,223,2014-06,1,1.51,0.0,6
926,223,2014-07,1,1.52,0.0,6
926,223,2014-08,1,1.2,0.0,5
926,331,2014-04,0,0.15000000000000002,0.0,4
926,331,2014-05,5,1.58,0.0,3
926,331,2014-06,1,2.05,0.0,6
926,331,2014-07,1,1.65,0.0,6
926,331,2014-08,1,1.5,0.0,5
926,332,2014-04,0,0.76,0.0,4
926,332,2014-05,0,1.2,0.0,7
926,332,2014-06,1,0.63,0.0,6
926,332,2014-07,2,1.74,0.0,6
926,332,2014-08,0,1.26,0.0,6
926,333,2014-04,0,0.51,0.0,4
926,333,2014-05,0,0.91,0.0,7
926,333,2014-06,0,0.54,0.0,7
926,333,2014-07,0,0.41000000000000003,0.0,7
926,333,2014-08,0,0.25,0.0,6
972,111,2014-04,4,3.65,2.0,1
972,111,2014-05,2,5.33,0.0,5
972,111,2014-06,3,4.12,0.0,5
972,111,2014-07,7,4.13,0.0,4
972,111,2014-08,6,4.96,0.0,3
972,112,2014-04,3,3.21,1.0,1
972,112,2014-05,6,5.87,1.0,3
972,112,2014-06,3,4.9399999999999995,2.0,5
972,112,2014-07,7,5.42,0.0,3
972,112,2014-08,3,4.85,2.0,3
972,113,2014-04,11,11.25,10.0,0
972,113,2014-05,26,21.33,18.0,0
972,113,2014-06,15,18.75,17.0,1
972,113,2014-07,35,22.79,23.0,0
972,113,2014-08,20,20.91,25.0,1
972,114,2014-04,0,0.97,0.0,4
972,114,2014-05,2,1.5,0.0,5
972,114,2014-06,1,1.6,0.0,6
972,114,2014-07,0,1.12,0.0,7
972,114,2014-08,3,1.04,0.0,3
972,221,2014-04,9,10.82,10.0,0
972,221,2014-05,16,20.05,17.0,1
972,221,2014-06,22,19.27,17.0,1
972,221,2014-07,22,20.259999999999998,19.0,0
972,221,2014-08,11,15.34,14.0,0
972,222,2014-04,10,12.17,13.0,0
972,222,2014-05,12,20.35,22.0,0
972,222,2014-06,14,17.14,17.0,1
972,222,2014-07,9,15.45,16.0,1
972,222,2014-08,9,10.93,11.0,1
972,223,2014-04,5,8.15,9.0,1
972,223,2014-05,15,16.06,15.0,0
972,223,2014-06,21,18.04,17.0,0
972,223,2014-07,18,19.12,17.0,2
972,223,2014-08,1,10.74,9.0,5
972,331,2014-04,0,0.74,0.0,4
972,331,2014-05,0,0.85,0.0,7
972,331,2014-06,0,0.43,0.0,7
972,331,2014-07,1,1.0,0.0,6
972,331,2014-08,1,1.2400000000000002,0.0,5
972,332,2014-04,41,21.33,19.0,0
972,332,2014-05,39,38.6,41.0,1
972,332,2014-06,33,33.58,33.0,0
972,332,2014-07,25,30.009999999999998,31.0,0
972,332,2014-08,40,25.9,27.0,1
972,333,2014-04,3,2.61,1.0,1
972,333,2014-05,7,8.32,5.0,4
972,333,2014-06,4,6.52,0.0,5
972,333,2014-07,7,6.68,2.0,3
972,333,2014-08,9,7.1,2.0,1
973,111,2014-04,0,0.04,0.0,4
973,111,2014-05,0,0.06,0.0,7
973,111,2014-06,0,0.06,0.0,7
973,111,2014-07,0,0.06,0.0,7
973,111,2014-08,0,0.03,0.0,6
973,112,2014-04,0,0.98,0.0,4
973,112,2014-05,2,1.81,0.0,5
973,112,2014-06,2,2.95,0.0,5
973,112,2014-07,3,3.0,0.0,6
973,112,2014-08,1,2.27,0.0,5
973,113,2014-04,8,3.86,2.0,0
973,113,2014-05,15,7.2,4.0,2
973,113,2014-06,3,8.1,2.0,5
973,113,2014-07,10,7.59,4.0,2
973,113,2014-08,5,6.22,4.0,3
973,114,2014-04,1,1.71,0.0,3
973,114,2014-05,9,3.31,0.0,4
973,114,2014-06,1,4.11,0.0,6
973,114,2014-07,3,3.7,0.0,5
973,114,2014-08,3,3.1,0.0,4
973,221,2014-04,2,1.16,0.0,2
973,221,2014-05,0,2.1,0.0,7
973,221,2014-06,5,2.25,0.0,3
973,221,2014-07,2,2.43,0.0,6
973,221,2014-08,3,2.15,0.0,4
973,222,2014-04,3,1.54,0.0,2
973,222,2014-05,3,3.66,0.0,5
973,222,2014-06,3,3.44,0.0,5
973,222,2014-07,1,3.34,0.0,6
973,222,2014-08,6,2.68,0.0,2
973,223,2014-04,0,0.28,0.0,4
973,223,2014-05,0,0.6,0.0,7
973,223,2014-06,0,0.5800000000000001,0.0,7
973,223,2014-07,0,0.51,0.0,7
973,223,2014-08,0,0.36,0.0,6
973,331,2014-04,2,2.89,0.0,2
973,331,2014-05,5,4.89,0.0,3
973,331,2014-06,4,4.99,0.0,3
973,331,2014-07,6,4.85,0.0,5
973,331,2014-08,3,4.06,0.0,3
973,332,2014-04,3,1.64,0.0,3
973,332,2014-05,4,3.62,0.0,4
973,332,2014-06,8,4.41,0.0,3
973,332,2014-07,5,4.61,0.0,3
973,332,2014-08,4,4.19,0.0,3
973,333,2014-04,0,0.12000000000000001,0.0,4
973,333,2014-05,2,1.01,0.0,5
973,333,2014-06,1,1.93,0.0,6
973,333,2014-07,5,2.24,0.0,4
973,333,2014-08,0,2.0,0.0,6
1054,111,2014-04,7,6.67,8.0,1
1054,111,2014-05,15,12.870000000000001,14.0,2
1054,111,2014-06,9,13.39,14.0,1
1054,111,2014-07,9,11.83,14.0,1
1054,111,2014-08,6,9.1,8.0,3
1054,112,2014-04,12,10.5,9.0,2
1054,112,2014-05,18,21.77,21.0,1
1054,112,2014-06,21,19.74,21.0,1
1054,112,2014-07,24,19.66,22.0,0
1054,112,2014-08,26,15.01,18.0,0
1054,113,2014-04,11,14.67,14.0,0
1054,113,2014-05,27,28.93,24.0,0
1054,113,2014-06,25,28.740000000000002,26.0,0
1054,113,2014-07,34,28.72,27.0,0
1054,113,2014-08,34,23.73,26.0,0
1054,114,2014-04,8,5.32,6.0,0
1054,114,2014-05,7,10.36,14.0,3
1054,114,2014-06,7,8.97,10.0,3
1054,114,2014-07,11,8.68,14.0,0
1054,114,2014-08,10,7.34,8.0,2
1054,221,2014-04,8,9.14,9.0,1
1054,221,2014-05,16,18.68,16.0,1
1054,221,2014-06,17,17.32,16.0,0
1054,221,2014-07,20,16.59,16.0,0
1054,221,2014-08,10,13.059999999999999,13.0,1
1054,222,2014-04,2,2.44,0.0,3
1054,222,2014-05,12,10.71,10.0,2
1054,222,2014-06,30,14.41,16.0,1
1054,222,2014-07,19,16.47,19.0,0
1054,222,2014-08,13,14.01,13.0,1
1054,223,2014-04,5,4.92,8.0,1
1054,223,2014-05,5,8.49,8.0,4
1054,223,2014-06,11,9.7,10.0,1
1054,223,2014-07,7,8.9,10.0,4
1054,223,2014-08,10,8.29,12.0,0
1054,331,2014-04,5,3.57,4.0,2
1054,331,2014-05,9,7.4,12.0,2
1054,331,2014-06,5,7.25,8.0,4
1054,331,2014-07,15,8.09,8.0,2
1054,331,2014-08,5,7.4,10.0,2
1054,332,2014-04,8,6.74,8.0,1
1054,332,2014-05,14,13.89,14.0,0
1054,332,2014-06,18,14.38,14.0,0
1054,332,2014-07,21,15.23,15.0,1
1054,332,2014-08,14,12.129999999999999,13.0,0
1054,333,2014-04,2,2.73,0.0,3
1054,333,2014-05,15,10.08,11.0,1
1054,333,2014-06,16,11.52,12.0,2
1054,333,2014-07,14,12.129999999999999,14.0,1
1054,333,2014-08,12,9.96,12.0,2
1135,111,2014-04,2,0.91,0.0,2
1135,111,2014-05,2,1.65,0.0,5
1135,111,2014-06,0,1.6300000000000001,0.0,7
1135,111,2014-07,0,1.31,0.0,7
1135,111,2014-08,1,0.67,0.0,5
1135,112,2014-04,0,0.26,0.0,4
1135,112,2014-05,0,0.46,0.0,7
1135,112,2014-06,0,0.44,0.0,7
1135,112,2014-07,0,0.38,0.0,7
1135,112,2014-08,0,0.3,0.0,6
1135,113,2014-04,2,0.84,0.0,3
1135,113,2014-05,3,1.84,0.0,4
1135,113,2014-06,3,2.14,0.0,4
1135,113,2014-07,0,1.8900000000000001,0.0,7
1135,113,2014-08,2,1.3399999999999999,0.0,4
1135,114,2014-04,0,0.38,0.0,4
1135,114,2014-05,0,0.67,0.0,7
1135,114,2014-06,1,0.78,0.0,6
1135,114,2014-07,1,0.9099999999999999,0.0,6
1135,114,2014-08,0,0.8400000000000001,0.0,6
1135,221,2014-04,1,0.66,0.0,3
1135,221,2014-05,1,1.2,0.0,6
1135,221,2014-06,1,1.11,0.0,6
1135,221,2014-07,0,1.0,0.0,7
1135,221,2014-08,2,0.9,0.0,4
1135,222,2014-04,2,0.9,0.0,2
1135,222,2014-05,2,1.79,0.0,5
1135,222,2014-06,2,1.99,0.0,6
1135,222,2014-07,0,1.74,0.0,7
1135,222,2014-08,2,1.32,0.0,5
1135,223,2014-04,0,0.25,0.0,4
1135,223,2014-05,0,0.27,0.0,7
1135,223,2014-06,0,0.16999999999999998,0.0,7
1135,223,2014-07,0,0.15,0.0,7
1135,223,2014-08,1,0.11,0.0,5
1135,331,2014-04,0,0.85,0.0,4
1135,331,2014-05,2,1.6,0.0,6
1135,331,2014-06,0,1.6099999999999999,0.0,7
1135,331,2014-07,2,1.62,0.0,5
1135,331,2014-08,1,1.36,0.0,5
1135,332,2014-04,0,0.03,0.0,4
1135,332,2014-05,0,0.05,0.0,7
1135,332,2014-06,0,0.04,0.0,7
1135,332,2014-07,0,0.04,0.0,7
1135,332,2014-08,0,0.02,0.0,6
1135,333,2014-04,1,0.79,0.0,3
1135,333,2014-05,0,1.27,0.0,7
1135,333,2014-06,2,1.3599999999999999,0.0,6
1135,333,2014-07,2,1.22,0.0,6
1135,333,2014-08,0,1.17,0.0,6
1173,111,2014-04,1,2.0,0.0,3
1173,111,2014-05,2,4.03,0.0,5
1173,111,2014-06,3,3.83,0.0,4
1173,111,2014-07,4,3.98,0.0,4
1173,111,2014-08,2,3.2800000000000002,0.0,4
1173,112,2014-04,2,4.01,4.0,3
1173,112,2014-05,7,5.9399999999999995,2.0,2
1173,112,2014-06,5,5.85,2.0,5
1173,112,2014-07,5,5.35,1.0,3
1173,112,2014-08,2,3.71,1.0,5
1173,113,2014-04,3,4.86,2.0,2
1173,113,2014-05,7,10.15,12.0,3
1173,113,2014-06,14,9.2,10.0,2
1173,113,2014-07,7,9.19,10.0,3
1173,113,2014-08,8,7.43,8.0,2
1173,114,2014-04,0,0.13,0.0,4
1173,114,2014-05,0,0.2,0.0,7
1173,114,2014-06,0,0.19,0.0,7
1173,114,2014-07,0,0.18,0.0,7
1173,114,2014-08,0,0.14,0.0,6
1173,221,2014-04,0,0.8300000000000001,0.0,4
1173,221,2014-05,1,1.86,0.0,6
1173,221,2014-06,1,1.73,0.0,6
1173,221,2014-07,0,1.52,0.0,7
1173,221,2014-08,0,0.8400000000000001,0.0,6
1173,222,2014-04,1,1.37,0.0,3
1173,222,2014-05,2,3.36,0.0,5
1173,222,2014-06,7,3.5,0.0,2
1173,222,2014-07,6,4.2700000000000005,0.0,3
1173,222,2014-08,5,4.08,0.0,4
1173,223,2014-04,0,0.16999999999999998,0.0,4
1173,223,2014-05,0,0.29,0.0,7
1173,223,2014-06,0,0.26,0.0,7
1173,223,2014-07,0,0.26,0.0,7
1173,223,2014-08,0,0.21,0.0,6
1173,331,2014-04,2,1.45,0.0,2
1173,331,2014-05,2,2.55,0.0,6
1173,331,2014-06,3,2.52,0.0,5
1173,331,2014-07,1,2.56,0.0,6
1173,331,2014-08,4,2.05,0.0,2
1173,332,2014-04,1,0.87,0.0,3
1173,332,2014-05,2,1.59,0.0,6
1173,332,2014-06,1,1.52,0.0,6
1173,332,2014-07,3,1.6400000000000001,0.0,5
1173,332,2014-08,3,1.44,0.0,4
1173,333,2014-04,1,0.71,0.0,3
1173,333,2014-05,1,1.37,0.0,6
1173,333,2014-06,2,1.33,0.0,5
1173,333,2014-07,2,1.41,0.0,5
1173,333,2014-08,0,1.1300000000000001,0.0,6
1190,111,2014-04,0,0.05,0.0,4
1190,111,2014-05,0,0.12,0.0,7
1190,111,2014-06,0,0.08,0.0,7
1190,111,2014-07,0,0.08,0.0,7
1190,111,2014-08,1,0.05,0.0,5
1190,112,2014-04,0,0.05,0.0,4
1190,112,2014-05,0,0.12,0.0,7
1190,112,2014-06,0,0.08,0.0,7
1190,112,2014-07,0,0.08,0.0,7
1190,112,2014-08,0,0.05,0.0,6
1190,113,2014-04,0,0.05,0.0,4
1190,113,2014-05,0,0.12,0.0,7
1190,113,2014-06,0,0.06,0.0,7
1190,113,2014-07,0,0.07,0.0,7
1190,113,2014-08,3,1.57,0.0,4
1190,114,2014-04,0,0.05,0.0,4
1190,114,2014-05,0,0.1,0.0,7
1190,114,2014-06,0,0.06,0.0,7
1190,114,2014-07,0,0.06,0.0,7
1190,114,2014-08,0,0.04,0.0,6
1190,221,2014-04,0,0.05,0.0,4
1190,221,2014-05,0,0.1,0.0,7
1190,221,2014-06,0,0.06,0.0,7
1190,221,2014-07,1,0.06,0.0,6
1190,221,2014-08,3,1.48,0.0,3
1190,222,2014-04,0,0.05,0.0,4
1190,222,2014-05,0,0.1,0.0,7
1190,222,2014-06,0,0.06,0.0,7
1190,222,2014-07,0,0.06,0.0,7
1190,222,2014-08,0,0.04,0.0,6
1190,223,2014-04,0,0.05,0.0,4
1190,223,2014-05,0,0.1,0.0,7
1190,223,2014-06,0,0.06,0.0,7
1190,223,2014-07,1,0.07,0.0,6
1190,223,2014-08,7,2.89,0.0,2
1190,331,2014-04,0,0.05,0.0,4
1190,331,2014-05,0,0.1,0.0,7
1190,331,2014-06,0,0.06,0.0,7
1190,331,2014-07,1,0.33999999999999997,0.0,6
1190,331,2014-08,2,0.53,0.0,5
1190,332,2014-04,0,0.05,0.0,4
1190,332,2014-05,0,0.1,0.0,7
1190,332,2014-06,0,0.06,0.0,7
1190,332,2014-07,0,0.06,0.0,7
1190,332,2014-08,2,1.1,0.0,4
1190,333,2014-04,0,0.04,0.0,4
1190,333,2014-05,0,0.09,0.0,7
1190,333,2014-06,0,0.06,0.0,7
1190,333,2014-07,0,0.04,0.0,7
1190,333,2014-08,0,0.02,0.0,6
1196,111,2014-04,0,0.61,0.0,4
1196,111,2014-05,2,0.69,0.0,5
1196,111,2014-06,0,1.1400000000000001,0.0,7
1196,111,2014-07,0,0.78,0.0,7
1196,111,2014-08,0,0.4,0.0,6
1196,112,2014-04,1,0.67,0.0,3
1196,112,2014-05,0,1.16,0.0,7
1196,112,2014-06,1,1.05,0.0,6
1196,112,2014-07,5,1.44,0.0,4
1196,112,2014-08,1,1.58,0.0,5
1196,113,2014-04,0,0.63,0.0,4
1196,113,2014-05,2,1.18,0.0,5
1196,113,2014-06,1,1.46,0.0,6
1196,113,2014-07,0,1.26,0.0,7
1196,113,2014-08,1,1.0,0.0,5
1196,114,2014-04,1,0.51,0.0,3
1196,114,2014-05,0,1.01,0.0,7
1196,114,2014-06,0,0.75,0.0,7
1196,114,2014-07,1,0.8200000000000001,0.0,6
1196,114,2014-08,0,0.65,0.0,6
1196,221,2014-04,0,0.37,0.0,4
1196,221,2014-05,2,1.12,0.0,5
1196,221,2014-06,0,1.41,0.0,7
1196,221,2014-07,0,1.01,0.0,7
1196,221,2014-08,1,0.9199999999999999,0.0,5
1196,222,2014-04,2,0.78,0.0,2
1196,222,2014-05,1,1.29,0.0,6
1196,222,2014-06,0,1.31,0.0,7
1196,222,2014-07,1,1.26,0.0,6
1196,222,2014-08,1,1.01,0.0,5
1196,223,2014-04,1,0.46,0.0,3
1196,223,2014-05,0,0.92,0.0,7
1196,223,2014-06,0,0.65,0.0,7
1196,223,2014-07,0,0.48,0.0,7
1196,223,2014-08,1,0.45,0.0,5
1196,331,2014-04,0,0.97,0.0,4
1196,331,2014-05,7,2.9299999999999997,0.0,6
1196,331,2014-06,1,2.79,0.0,6
1196,331,2014-07,2,2.19,0.0,5
1196,331,2014-08,0,1.6400000000000001,0.0,6
1196,332,2014-04,0,0.6699999999999999,0.0,4
1196,332,2014-05,1,1.17,0.0,6
1196,332,2014-06,0,1.0,0.0,7
1196,332,2014-07,0,0.76,0.0,7
1196,332,2014-08,3,0.79,0.0,5
1196,333,2014-04,0,0.38,0.0,4
1196,333,2014-05,0,0.75,0.0,7
1196,333,2014-06,1,0.63,0.0,6
1196,333,2014-07,0,1.12,0.0,7
1196,333,2014-08,0,0.67,0.0,6
1228,111,2014-04,2,0.94,0.0,2
1228,111,2014-05,1,1.55,0.0,6
1228,111,2014-06,2,1.48,0.0,5
1228,111,2014-07,0,1.3,0.0,7
1228,111,2014-08,0,0.68,0.0,6
1228,112,2014-04,4,1.09,0.0,1
1228,112,2014-05,2,2.18,0.0,5
1228,112,2014-06,1,2.09,0.0,6
1228,112,2014-07,2,1.88,0.0,5
1228,112,2014-08,5,1.77,0.0,3
1228,113,2014-04,0,0.15,0.0,4
1228,113,2014-05,0,0.12000000000000001,0.0,7
1228,113,2014-06,0,0.05,0.0,7
1228,113,2014-07,0,0.05,0.0,7
1228,113,2014-08,0,0.02,0.0,6
1228,114,2014-04,0,0.2,0.0,4
1228,114,2014-05,2,0.61,0.0,5
1228,114,2014-06,2,1.46,0.0,5
1228,114,2014-07,0,1.12,0.0,7
1228,114,2014-08,0,0.72,0.0,6
1228,221,2014-04,0,0.03,0.0,4
1228,221,2014-05,0,0.04,0.0,7
1228,221,2014-06,0,0.03,0.0,7
1228,221,2014-07,0,0.04,0.0,7
1228,221,2014-08,0,0.02,0.0,6
1228,222,2014-04,0,0.31,0.0,4
1228,222,2014-05,1,0.35000000000000003,0.0,6
1228,222,2014-06,1,0.8200000000000001,0.0,6
1228,222,2014-07,2,1.03,0.0,5
1228,222,2014-08,3,0.9700000000000001,0.0,4
1228,223,2014-04,0,0.79,0.0,4
1228,223,2014-05,1,1.3,0.0,6
1228,223,2014-06,0,1.18,0.0,7
1228,223,2014-07,0,0.99,0.0,7
1228,223,2014-08,1,0.76,0.0,5
1228,331,2014-04,0,0.72,0.0,4
1228,331,2014-05,4,1.5,0.0,3
1228,331,2014-06,1,1.55,0.0,6
1228,331,2014-07,2,1.49,0.0,6
1228,331,2014-08,0,0.92,0.0,6
1228,332,2014-04,0,0.09,0.0,4
1228,332,2014-05,0,0.04,0.0,7
1228,332,2014-06,0,0.03,0.0,7
1228,332,2014-07,0,0.03,0.0,7
1228,332,2014-08,0,0.02,0.0,6
1228,333,2014-04,1,0.8600000000000001,0.0,3
1228,333,2014-05,1,1.3900000000000001,0.0,6
1228,333,2014-06,6,1.99,0.0,5
1228,333,2014-07,0,1.8800000000000001,0.0,7
1228,333,2014-08,0,1.02,0.0,6
1240,111,2014-04,0,0.060000000000000005,0.0,4
1240,111,2014-05,0,0.16,0.0,7
1240,111,2014-06,0,0.16,0.0,7
1240,111,2014-07,0,0.16,0.0,7
1240,111,2014-08,0,0.12,0.0,6
1240,112,2014-04,0,0.05,0.0,4
1240,112,2014-05,0,0.08,0.0,7
1240,112,2014-06,0,0.07,0.0,7
1240,112,2014-07,0,0.07,0.0,7
1240,112,2014-08,0,0.03,0.0,6
1240,113,2014-04,0,0.24,0.0,4
1240,113,2014-05,0,0.15,0.0,7
1240,113,2014-06,1,1.29,0.0,6
1240,113,2014-07,0,0.73,0.0,7
1240,113,2014-08,0,0.34,0.0,6
1240,114,2014-04,0,0.03,0.0,4
1240,114,2014-05,0,0.05,0.0,7
1240,114,2014-06,0,0.04,0.0,7
1240,114,2014-07,0,0.04,0.0,7
1240,114,2014-08,0,0.02,0.0,6
1240,221,2014-04,0,0.14,0.0,4
1240,221,2014-05,0,0.27,0.0,7
1240,221,2014-06,0,0.26,0.0,7
1240,221,2014-07,0,0.26,0.0,7
1240,221,2014-08,0,0.21,0.0,6
1240,222,2014-04,0,0.19,0.0,4
1240,222,2014-05,0,0.23,0.0,7
1240,222,2014-06,0,0.22,0.0,7
1240,222,2014-07,0,0.22,0.0,7
1240,222,2014-08,0,0.16999999999999998,0.0,6
1240,223,2014-04,0,0.07,0.0,4
1240,223,2014-05,0,0.06,0.0,7
1240,223,2014-06,0,0.05,0.0,7
1240,223,2014-07,0,0.05,0.0,7
1240,223,2014-08,0,0.03,0.0,6
1240,331,2014-04,0,0.19,0.0,4
1240,331,2014-05,0,0.27,0.0,7
1240,331,2014-06,0,0.26,0.0,7
1240,331,2014-07,0,0.25,0.0,7
1240,331,2014-08,0,0.21,0.0,6
1240,332,2014-04,0,0.09999999999999999,0.0,4
1240,332,2014-05,0,0.46,0.0,7
1240,332,2014-06,0,0.44,0.0,7
1240,332,2014-07,0,0.41000000000000003,0.0,7
1240,332,2014-08,0,0.31,0.0,6
1240,333,2014-04,0,0.09,0.0,4
1240,333,2014-05,0,0.22,0.0,7
1240,333,2014-06,0,0.2,0.0,7
1240,333,2014-07,0,0.2,0.0,7
1240,333,2014-08,0,0.16,0.0,6
1242,111,2014-04,1,1.84,0.0,3
1242,111,2014-05,1,2.74,0.0,6
1242,111,2014-06,4,3.21,0.0,3
1242,111,2014-07,5,3.44,0.0,3
1242,111,2014-08,1,2.6,0.0,5
1242,112,2014-04,6,3.4699999999999998,4.0,1
1242,112,2014-05,4,5.3,4.0,5
1242,112,2014-06,9,6.42,6.0,2
1242,112,2014-07,4,5.8,4.0,4
1242,112,2014-08,3,4.24,2.0,4
1242,113,2014-04,9,3.15,2.0,0
1242,113,2014-05,12,6.78,4.0,4
1242,113,2014-06,6,5.98,2.0,2
1242,113,2014-07,4,6.5,6.0,5
1242,113,2014-08,4,4.15,0.0,3
1242,114,2014-04,0,0.87,0.0,4
1242,114,2014-05,1,1.45,0.0,6
1242,114,2014-06,3,1.53,0.0,5
1242,114,2014-07,3,1.86,0.0,5
1242,114,2014-08,3,1.87,0.0,4
1242,221,2014-04,1,1.23,0.0,3
1242,221,2014-05,3,2.21,0.0,5
1242,221,2014-06,5,2.81,0.0,4
1242,221,2014-07,4,3.02,0.0,3
1242,221,2014-08,8,3.06,0.0,3
1242,222,2014-04,3,2.1,0.0,2
1242,222,2014-05,6,4.11,0.0,4
1242,222,2014-06,11,5.4,2.0,1
1242,222,2014-07,9,6.16,6.0,4
1242,222,2014-08,13,6.390000000000001,0.0,2
1242,223,2014-04,3,0.6200000000000001,0.0,2
1242,223,2014-05,7,3.2,0.0,1
1242,223,2014-06,3,2.98,0.0,4
1242,223,2014-07,3,2.98,0.0,4
1242,223,2014-08,2,2.4,0.0,4
1242,331,2014-04,0,0.74,0.0,4
1242,331,2014-05,0,0.71,0.0,7
1242,331,2014-06,0,0.39,0.0,7
1242,331,2014-07,0,0.24,0.0,7
1242,331,2014-08,1,0.15,0.0,5
1242,332,2014-04,6,3.21,2.0,1
1242,332,2014-05,9,6.34,6.0,2
1242,332,2014-06,10,6.56,6.0,1
1242,332,2014-07,4,6.72,4.0,3
1242,332,2014-08,8,5.73,4.0,1
1242,333,2014-04,2,0.33,0.0,2
1242,333,2014-05,4,2.7199999999999998,0.0,3
1242,333,2014-06,0,1.98,0.0,7
1242,333,2014-07,1,1.18,0.0,6
1242,333,2014-08,1,1.23,0.0,5
1275,111,2014-04,0,0.06999999999999999,0.0,4
1275,111,2014-05,0,0.3,0.0,7
1275,111,2014-06,0,0.27,0.0,7
1275,111,2014-07,0,0.27,0.0,7
1275,111,2014-08,0,0.21,0.0,6
1275,112,2014-04,0,0.08,0.0,4
1275,112,2014-05,0,0.35,0.0,7
1275,112,2014-06,0,0.31,0.0,7
1275,112,2014-07,0,0.31,0.0,7
1275,112,2014-08,0,0.24,0.0,6
1275,113,2014-04,0,0.05,0.0,4
1275,113,2014-05,1,0.53,0.0,6
1275,113,2014-06,0,1.75,0.0,7
1275,113,2014-07,0,0.69,0.0,7
1275,113,2014-08,0,0.33,0.0,6
1275,114,2014-04,0,0.06999999999999999,0.0,4
1275,114,2014-05,0,0.27,0.0,7
1275,114,2014-06,0,0.26,0.0,7
1275,114,2014-07,0,0.26,0.0,7
1275,114,2014-08,0,0.21,0.0,6
1275,221,2014-04,0,0.08,0.0,4
1275,221,2014-05,0,0.34,0.0,7
1275,221,2014-06,0,0.3,0.0,7
1275,221,2014-07,0,0.29,0.0,7
1275,221,2014-08,0,0.23,0.0,6
1275,222,2014-04,0,0.08,0.0,4
1275,222,2014-05,0,0.34,0.0,7
1275,222,2014-06,0,0.3,0.0,7
1275,222,2014-07,0,0.29,0.0,7
1275,222,2014-08,0,0.23,0.0,6
1275,223,2014-04,0,0.05,0.0,4
1275,223,2014-05,0,0.15,0.0,7
1275,223,2014-06,0,0.15,0.0,7
1275,223,2014-07,0,0.15,0.0,7
1275,223,2014-08,0,0.11,0.0,6
1275,331,2014-04,0,0.11,0.0,4
1275,331,2014-05,0,0.52,0.0,7
1275,331,2014-06,0,0.49,0.0,7
1275,331,2014-07,0,0.44,0.0,7
1275,331,2014-08,0,0.34,0.0,6
1275,332,2014-04,0,0.09,0.0,4
1275,332,2014-05,0,0.42000000000000004,0.0,7
1275,332,2014-06,0,0.37,0.0,7
1275,332,2014-07,0,0.37,0.0,7
1275,332,2014-08,0,0.3,0.0,6
1275,333,2014-04,0,0.05,0.0,4
1275,333,2014-05,0,0.23,0.0,7
1275,333,2014-06,0,0.22,0.0,7
1275,333,2014-07,0,0.22,0.0,7
1275,333,2014-08,0,0.16999999999999998,0.0,6
1322,111,2014-04,2,2.01,0.0,3
1322,111,2014-05,4,3.48,0.0,4
1322,111,2014-06,5,3.71,0.0,3
1322,111,2014-07,3,3.79,0.0,4
1322,111,2014-08,4,3.01,0.0,2
1322,112,2014-04,4,1.59,0.0,1
1322,112,2014-05,3,2.68,0.0,5
1322,112,2014-06,1,2.71,0.0,6
1322,112,2014-07,4,2.6900000000000004,0.0,5
1322,112,2014-08,2,2.18,0.0,4
1322,113,2014-04,2,1.76,0.0,2
1322,113,2014-05,7,3.89,0.0,2
1322,113,2014-06,2,4.08,0.0,6
1322,113,2014-07,1,3.29,0.0,6
1322,113,2014-08,7,3.1100000000000003,0.0,3
1322,114,2014-04,1,0.79,0.0,3
1322,114,2014-05,3,1.82,0.0,6
1322,114,2014-06,4,1.8900000000000001,0.0,5
1322,114,2014-07,1,2.02,0.0,6
1322,114,2014-08,1,1.52,0.0,5
1322,221,2014-04,2,1.01,0.0,2
1322,221,2014-05,2,1.86,0.0,5
1322,221,2014-06,1,1.85,0.0,6
1322,221,2014-07,1,1.75,0.0,6
1322,221,2014-08,2,1.42,0.0,5
1322,222,2014-04,0,0.59,0.0,4
1322,222,2014-05,6,2.1,0.0,3
1322,222,2014-06,0,2.29,0.0,7
1322,222,2014-07,5,2.28,0.0,3
1322,222,2014-08,4,2.11,0.0,3
1322,223,2014-04,0,0.23,0.0,4
1322,223,2014-05,1,0.93,0.0,6
1322,223,2014-06,1,1.19,0.0,6
1322,223,2014-07,1,1.06,0.0,6
1322,223,2014-08,0,0.9500000000000001,0.0,6
1322,331,2014-04,1,0.87,0.0,3
1322,331,2014-05,0,1.19,0.0,7
1322,331,2014-06,1,0.88,0.0,6
1322,331,2014-07,2,1.22,0.0,5
1322,331,2014-08,4,1.28,0.0,3
1322,332,2014-04,1,0.77,0.0,3
1322,332,2014-05,2,1.17,0.0,5
1322,332,2014-06,1,0.98,0.0,6
1322,332,2014-07,2,1.1,0.0,5
1322,332,2014-08,0,0.92,0.0,6
1322,333,2014-04,0,0.8,0.0,4
1322,333,2014-05,1,1.4000000000000001,0.0,6
1322,333,2014-06,0,1.28,0.0,7
1322,333,2014-07,2,0.91,0.0,6
1322,333,2014-08,0,1.21,0.0,6
1328,111,2014-04,2,1.73,0.0,2
1328,111,2014-05,7,3.83,0.0,3
1328,111,2014-06,3,4.35,0.0,4
1328,111,2014-07,5,4.15,0.0,4
1328,111,2014-08,2,3.2199999999999998,0.0,5
1328,112,2014-04,4,2.0,0.0,1
1328,112,2014-05,2,4.13,0.0,5
1328,112,2014-06,8,4.37,0.0,5
1328,112,2014-07,9,5.13,1.0,1
1328,112,2014-08,0,4.13,2.0,6
1328,113,2014-04,5,2.8200000000000003,1.0,1
1328,113,2014-05,7,5.81,2.0,3
1328,113,2014-06,5,5.31,0.0,4
1328,113,2014-07,5,4.96,1.0,4
1328,113,2014-08,8,4.55,0.0,1
1328,114,2014-04,2,1.32,0.0,2
1328,114,2014-05,1,1.9,0.0,6
1328,114,2014-06,2,1.47,0.0,5
1328,114,2014-07,1,1.08,0.0,6
1328,114,2014-08,0,0.9,0.0,6
1328,221,2014-04,3,2.8,0.0,1
1328,221,2014-05,1,4.38,0.0,6
1328,221,2014-06,1,3.35,0.0,6
1328,221,2014-07,3,3.09,0.0,4
1328,221,2014-08,0,2.21,0.0,6
1328,222,2014-04,1,2.79,0.0,3
1328,222,2014-05,2,2.44,0.0,5
1328,222,2014-06,5,2.59,0.0,2
1328,222,2014-07,4,2.9699999999999998,0.0,4
1328,222,2014-08,2,2.41,0.0,5
1328,223,2014-04,3,1.19,0.0,2
1328,223,2014-05,3,3.45,0.0,5
1328,223,2014-06,6,3.33,0.0,2
1328,223,2014-07,3,3.68,0.0,5
1328,223,2014-08,5,3.22,0.0,2
1328,331,2014-04,3,1.75,0.0,2
1328,331,2014-05,9,5.08,0.0,4
1328,331,2014-06,5,5.41,1.0,3
1328,331,2014-07,4,5.71,1.0,4
1328,331,2014-08,2,3.82,0.0,5
1328,332,2014-04,3,2.57,0.0,2
1328,332,2014-05,5,4.59,0.0,3
1328,332,2014-06,5,4.640000000000001,0.0,3
1328,332,2014-07,5,4.63,0.0,3
1328,332,2014-08,4,3.77,0.0,4
1328,333,2014-04,2,1.16,0.0,2
1328,333,2014-05,2,2.33,0.0,5
1328,333,2014-06,2,2.11,0.0,5
1328,333,2014-07,2,2.08,0.0,6
1328,333,2014-08,1,1.65,0.0,5
1365,111,2014-04,0,1.02,0.0,4
1365,111,2014-05,2,1.8800000000000001,0.0,6
1365,111,2014-06,1,1.68,0.0,6
1365,111,2014-07,1,1.67,0.0,6
1365,111,2014-08,2,1.31,0.0,4
1365,112,2014-04,0,1.8599999999999999,0.0,4
1365,112,2014-05,5,3.5700000000000003,0.0,3
1365,112,2014-06,5,3.67,0.0,4
1365,112,2014-07,4,3.62,0.0,5
1365,112,2014-08,5,3.3600000000000003,0.0,1
1365,113,2014-04,0,1.5,0.0,4
1365,113,2014-05,1,2.59,0.0,6
1365,113,2014-06,9,2.9400000000000004,0.0,3
1365,113,2014-07,1,3.1100000000000003,0.0,6
1365,113,2014-08,4,2.4,0.0,4
1365,114,2014-04,1,0.76,0.0,3
1365,114,2014-05,2,1.28,0.0,6
1365,114,2014-06,1,1.4,0.0,6
1365,114,2014-07,1,1.32,0.0,6
1365,114,2014-08,2,1.15,0.0,4
1365,221,2014-04,0,0.45,0.0,4
1365,221,2014-05,1,1.25,0.0,6
1365,221,2014-06,1,1.15,0.0,6
1365,221,2014-07,1,1.17,0.0,6
1365,221,2014-08,2,1.28,0.0,5
1365,222,2014-04,0,0.37,0.0,4
1365,222,2014-05,2,1.45,0.0,6
1365,222,2014-06,0,1.24,0.0,7
1365,222,2014-07,0,0.91,0.0,7
1365,222,2014-08,1,0.86,0.0,5
1365,223,2014-04,0,0.37,0.0,4
1365,223,2014-05,0,0.38,0.0,7
1365,223,2014-06,0,0.26,0.0,7
1365,223,2014-07,1,0.18,0.0,6
1365,223,2014-08,0,0.62,0.0,6
1365,331,2014-04,2,1.0,0.0,2
1365,331,2014-05,3,2.0500000000000003,0.0,5
1365,331,2014-06,3,2.02,0.0,4
1365,331,2014-07,2,2.05,0.0,6
1365,331,2014-08,0,1.56,0.0,6
1365,332,2014-04,0,0.38,0.0,4
1365,332,2014-05,0,0.52,0.0,7
1365,332,2014-06,2,0.64,0.0,5
1365,332,2014-07,2,1.1600000000000001,0.0,5
1365,332,2014-08,0,0.9500000000000001,0.0,6
1365,333,2014-04,0,0.55,0.0,4
1365,333,2014-05,1,1.1600000000000001,0.0,6
1365,333,2014-06,0,0.9600000000000001,0.0,7
1365,333,2014-07,2,1.09,0.0,5
1365,333,2014-08,0,0.97,0.0,6
1424,111,2014-04,4,1.5,0.0,1
1424,111,2014-05,0,2.86,0.0,7
1424,111,2014-06,4,2.4899999999999998,0.0,5
1424,111,2014-07,2,3.0,0.0,5
1424,111,2014-08,2,2.52,0.0,4
1424,112,2014-04,2,2.26,1.0,2
1424,112,2014-05,6,4.390000000000001,0.0,4
1424,112,2014-06,1,4.51,0.0,6
1424,112,2014-07,2,4.0,0.0,5
1424,112,2014-08,2,3.27,0.0,4
1424,113,2014-04,2,3.23,2.0,2
1424,113,2014-05,4,5.41,2.0,4
1424,113,2014-06,7,5.28,0.0,3
1424,113,2014-07,5,5.46,1.0,3
1424,113,2014-08,2,4.22,0.0,4
1424,114,2014-04,0,0.74,0.0,4
1424,114,2014-05,1,1.36,0.0,6
1424,114,2014-06,2,1.3900000000000001,0.0,5
1424,114,2014-07,0,1.36,0.0,7
1424,114,2014-08,2,1.04,0.0,5
1424,221,2014-04,0,1.58,0.0,4
1424,221,2014-05,5,3.1799999999999997,0.0,5
1424,221,2014-06,6,3.92,0.0,3
1424,221,2014-07,4,4.06,0.0,5
1424,221,2014-08,1,3.06,0.0,5
1424,222,2014-04,0,1.06,0.0,4
1424,222,2014-05,1,1.7100000000000002,0.0,6
1424,222,2014-06,1,2.14,0.0,6
1424,222,2014-07,6,2.55,0.0,3
1424,222,2014-08,3,2.63,0.0,3
1424,223,2014-04,0,0.73,0.0,4
1424,223,2014-05,3,1.83,0.0,4
1424,223,2014-06,2,1.8900000000000001,0.0,5
1424,223,2014-07,1,1.82,0.0,6
1424,223,2014-08,3,1.63,0.0,4
1424,331,2014-04,0,0.09999999999999999,0.0,4
1424,331,2014-05,0,0.51,0.0,7
1424,331,2014-06,0,0.49,0.0,7
1424,331,2014-07,0,0.44,0.0,7
1424,331,2014-08,0,0.34,0.0,6
1424,332,2014-04,0,0.5800000000000001,0.0,4
1424,332,2014-05,0,0.75,0.0,7
1424,332,2014-06,0,0.5,0.0,7
1424,332,2014-07,2,0.92,0.0,5
1424,332,2014-08,1,0.91,0.0,5
1424,333,2014-04,1,0.53,0.0,3
1424,333,2014-05,2,1.85,0.0,6
1424,333,2014-06,4,2.0500000000000003,0.0,4
1424,333,2014-07,1,2.0300000000000002,0.0,6
1424,333,2014-08,4,1.74,0.0,4
1472,111,2014-04,3,0.85,0.0,3
1472,111,2014-05,2,2.37,0.0,5
1472,111,2014-06,2,1.9100000000000001,0.0,6
1472,111,2014-07,3,2.31,0.0,5
1472,111,2014-08,1,1.9,0.0,5
1472,112,2014-04,0,0.1,0.0,4
1472,112,2014-05,0,0.41000000000000003,0.0,7
1472,112,2014-06,0,0.35,0.0,7
1472,112,2014-07,0,0.34,0.0,7
1472,112,2014-08,0,0.27,0.0,6
1472,113,2014-04,0,0.9199999999999999,0.0,4
1472,113,2014-05,6,2.75,0.0,3
1472,113,2014-06,2,3.09,0.0,5
1472,113,2014-07,3,3.02,0.0,4
1472,113,2014-08,5,2.68,0.0,1
1472,114,2014-04,0,0.39,0.0,4
1472,114,2014-05,0,0.46,0.0,7
1472,114,2014-06,1,0.72,0.0,6
1472,114,2014-07,1,0.71,0.0,6
1472,114,2014-08,0,0.8500000000000001,0.0,6
1472,221,2014-04,0,0.8500000000000001,0.0,4
1472,221,2014-05,0,1.1500000000000001,0.0,7
1472,221,2014-06,3,1.41,0.0,4
1472,221,2014-07,2,1.48,0.0,5
1472,221,2014-08,0,1.1,0.0,6
1472,222,2014-04,0,0.71,0.0,4
1472,222,2014-05,3,1.75,0.0,5
1472,222,2014-06,1,2.18,0.0,6
1472,222,2014-07,1,1.97,0.0,6
1472,222,2014-08,2,1.56,0.0,4
1472,223,2014-04,1,1.04,0.0,3
1472,223,2014-05,3,2.2800000000000002,0.0,4
1472,223,2014-06,4,2.25,0.0,4
1472,223,2014-07,4,2.99,0.0,3
1472,223,2014-08,2,2.4,0.0,4
1472,331,2014-04,1,1.06,0.0,3
1472,331,2014-05,2,1.9,0.0,5
1472,331,2014-06,0,1.69,0.0,7
1472,331,2014-07,0,1.18,0.0,7
1472,331,2014-08,2,0.65,0.0,5
1472,332,2014-04,2,1.22,0.0,3
1472,332,2014-05,3,2.8,0.0,4
1472,332,2014-06,0,2.53,0.0,7
1472,332,2014-07,2,1.79,0.0,5
1472,332,2014-08,1,1.85,0.0,5
1472,333,2014-04,1,1.8599999999999999,0.0,3
1472,333,2014-05,2,3.14,0.0,5
1472,333,2014-06,4,2.94,0.0,4
1472,333,2014-07,2,2.9,0.0,5
1472,333,2014-08,6,2.56,0.0,3
1508,111,2014-04,2,1.06,0.0,2
1508,111,2014-05,1,1.82,0.0,6
1508,111,2014-06,0,1.53,0.0,7
1508,111,2014-07,1,1.29,0.0,6
1508,111,2014-08,1,1.1,0.0,5
1508,112,2014-04,0,0.52,0.0,4
1508,112,2014-05,1,0.61,0.0,6
1508,112,2014-06,0,0.88,0.0,7
1508,112,2014-07,0,0.5900000000000001,0.0,7
1508,112,2014-08,0,0.35,0.0,6
1508,113,2014-04,0,0.9,0.0,4
1508,113,2014-05,3,1.67,0.0,5
1508,113,2014-06,2,1.75,0.0,5
1508,113,2014-07,2,1.72,0.0,5
1508,113,2014-08,0,1.34,0.0,6
1508,114,2014-04,1,0.5800000000000001,0.0,3
1508,114,2014-05,0,0.91,0.0,7
1508,114,2014-06,0,0.72,0.0,7
1508,114,2014-07,0,0.55,0.0,7
1508,114,2014-08,1,0.56,0.0,5
1508,221,2014-04,0,0.6,0.0,4
1508,221,2014-05,0,0.9,0.0,7
1508,221,2014-06,1,1.0,0.0,6
1508,221,2014-07,0,0.94,0.0,7
1508,221,2014-08,1,0.74,0.0,5
1508,222,2014-04,0,0.72,0.0,4
1508,222,2014-05,1,1.32,0.0,6
1508,222,2014-06,0,1.19,0.0,7
1508,222,2014-07,0,0.88,0.0,7
1508,222,2014-08,1,0.83,0.0,5
1508,223,2014-04,0,0.44,0.0,4
1508,223,2014-05,1,0.86,0.0,6
1508,223,2014-06,0,1.25,0.0,7
1508,223,2014-07,0,0.92,0.0,7
1508,223,2014-08,1,0.87,0.0,5
1508,331,2014-04,0,0.7,0.0,4
1508,331,2014-05,0,1.03,0.0,7
1508,331,2014-06,0,0.75,0.0,7
1508,331,2014-07,0,0.5700000000000001,0.0,7
1508,331,2014-08,0,0.35,0.0,6
1508,332,2014-04,0,0.1,0.0,4
1508,332,2014-05,0,0.03,0.0,7
1508,332,2014-06,0,0.02,0.0,7
1508,332,2014-07,0,0.02,0.0,7
1508,332,2014-08,0,0.01,0.0,6
1508,333,2014-04,0,0.2,0.0,4
1508,333,2014-05,0,0.13,0.0,7
1508,333,2014-06,0,0.12,0.0,7
1508,333,2014-07,0,0.12,0.0,7
1508,333,2014-08,0,0.09,0.0,6
1542,111,2014-04,0,0.27,0.0,4
1542,111,2014-05,0,0.56,0.0,7
1542,111,2014-06,0,0.46,0.0,7
1542,111,2014-07,0,0.39,0.0,7
1542,111,2014-08,0,0.3,0.0,6
1542,112,2014-04,0,0.09,0.0,4
1542,112,2014-05,0,0.37,0.0,7
1542,112,2014-06,1,0.8,0.0,6
1542,112,2014-07,0,0.71,0.0,7
1542,112,2014-08,0,0.46,0.0,6
1542,113,2014-04,0,0.63,0.0,4
1542,113,2014-05,0,1.05,0.0,7
1542,113,2014-06,2,0.9,0.0,5
1542,113,2014-07,1,1.28,0.0,6
1542,113,2014-08,0,1.04,0.0,6
1542,114,2014-04,0,0.53,0.0,4
1542,114,2014-05,0,0.9500000000000001,0.0,7
1542,114,2014-06,1,0.87,0.0,6
1542,114,2014-07,0,1.1400000000000001,0.0,7
1542,114,2014-08,1,0.9199999999999999,0.0,5
1542,221,2014-04,1,0.12,0.0,3
1542,221,2014-05,2,1.3599999999999999,0.0,5
1542,221,2014-06,2,1.79,0.0,5
1542,221,2014-07,0,1.57,0.0,7
1542,221,2014-08,0,1.0,0.0,6
1542,222,2014-04,0,0.11,0.0,4
1542,222,2014-05,1,0.93,0.0,6
1542,222,2014-06,0,0.9400000000000001,0.0,7
1542,222,2014-07,0,0.72,0.0,7
1542,222,2014-08,0,0.47000000000000003,0.0,6
1542,223,2014-04,0,0.4,0.0,4
1542,223,2014-05,2,0.92,0.0,6
1542,223,2014-06,0,1.37,0.0,7
1542,223,2014-07,0,0.97,0.0,7
1542,223,2014-08,0,0.62,0.0,6
1542,331,2014-04,0,0.52,0.0,4
1542,331,2014-05,0,0.67,0.0,7
1542,331,2014-06,0,0.45,0.0,7
1542,331,2014-07,0,0.35000000000000003,0.0,7
1542,331,2014-08,0,0.22,0.0,6
1542,332,2014-04,0,0.38,0.0,4
1542,332,2014-05,0,0.9400000000000001,0.0,7
1542,332,2014-06,0,0.77,0.0,7
1542,332,2014-07,0,0.63,0.0,7
1542,332,2014-08,1,0.38,0.0,5
1542,333,2014-04,0,0.03,0.0,4
1542,333,2014-05,0,0.03,0.0,7
1542,333,2014-06,0,0.02,0.0,7
1542,333,2014-07,0,0.02,0.0,7
1542,333,2014-08,0,0.01,0.0,6
1548,111,2014-04,1,2.4699999999999998,0.0,3
1548,111,2014-05,3,3.74,0.0,5
1548,111,2014-06,0,3.32,0.0,7
1548,111,2014-07,5,3.06,0.0,6
1548,111,2014-08,0,2.21,0.0,6
1548,112,2014-04,3,5.33,4.0,2
1548,112,2014-05,8,9.53,12.0,1
1548,112,2014-06,10,9.01,6.0,3
1548,112,2014-07,7,8.34,6.0,4
1548,112,2014-08,3,5.66,2.0,4
1548,113,2014-04,3,3.8,2.0,2
1548,113,2014-05,8,6.73,4.0,3
1548,113,2014-06,6,7.07,4.0,3
1548,113,2014-07,6,7.14,4.0,3
1548,113,2014-08,6,5.65,4.0,1
1548,114,2014-04,3,1.06,0.0,2
1548,114,2014-05,0,2.22,0.0,7
1548,114,2014-06,1,1.79,0.0,6
1548,114,2014-07,4,1.81,0.0,3
1548,114,2014-08,1,1.82,0.0,5
1548,221,2014-04,0,1.11,0.0,4
1548,221,2014-05,5,2.0,0.0,4
1548,221,2014-06,2,2.69,0.0,6
1548,221,2014-07,2,2.44,0.0,5
1548,221,2014-08,6,2.05,0.0,2
1548,222,2014-04,1,2.33,0.0,3
1548,222,2014-05,2,4.09,0.0,6
1548,222,2014-06,3,3.9,0.0,6
1548,222,2014-07,3,3.79,0.0,4
1548,222,2014-08,0,2.72,0.0,6
1548,223,2014-04,1,0.79,0.0,3
1548,223,2014-05,6,2.08,0.0,3
1548,223,2014-06,1,2.5300000000000002,0.0,6
1548,223,2014-07,1,2.21,0.0,6
1548,223,2014-08,1,1.23,0.0,5
1548,331,2014-04,0,0.8200000000000001,0.0,4
1548,331,2014-05,4,1.52,0.0,4
1548,331,2014-06,0,1.45,0.0,7
1548,331,2014-07,1,1.07,0.0,6
1548,331,2014-08,0,0.96,0.0,6
1548,332,2014-04,0,0.78,0.0,4
1548,332,2014-05,0,1.2,0.0,7
1548,332,2014-06,2,1.21,0.0,5
1548,332,2014-07,0,1.16,0.0,7
1548,332,2014-08,0,0.77,0.0,6
1548,333,2014-04,1,0.46,0.0,3
1548,333,2014-05,0,0.9600000000000001,0.0,7
1548,333,2014-06,2,0.78,0.0,5
1548,333,2014-07,0,1.11,0.0,7
1548,333,2014-08,0,0.7,0.0,6
1599,111,2014-04,0,0.41,0.0,4
1599,111,2014-05,2,1.28,0.0,5
1599,111,2014-06,1,1.1400000000000001,0.0,6
1599,111,2014-07,0,1.21,0.0,7
1599,111,2014-08,0,0.74,0.0,6
1599,112,2014-04,0,0.16999999999999998,0.0,4
1599,112,2014-05,0,0.05,0.0,7
1599,112,2014-06,0,0.05,0.0,7
1599,112,2014-07,0,0.05,0.0,7
1599,112,2014-08,0,0.03,0.0,6
1599,113,2014-04,0,0.04,0.0,4
1599,113,2014-05,0,0.07,0.0,7
1599,113,2014-06,0,0.07,0.0,7
1599,113,2014-07,0,0.07,0.0,7
1599,113,2014-08,0,0.04,0.0,6
1599,114,2014-04,0,0.25,0.0,4
1599,114,2014-05,1,0.4,0.0,6
1599,114,2014-06,0,0.86,0.0,7
1599,114,2014-07,0,0.6,0.0,7
1599,114,2014-08,1,0.7,0.0,5
1599,221,2014-04,0,0.38,0.0,4
1599,221,2014-05,1,0.6000000000000001,0.0,6
1599,221,2014-06,1,0.91,0.0,6
1599,221,2014-07,1,0.81,0.0,6
1599,221,2014-08,0,0.7,0.0,6
1599,222,2014-04,0,0.18,0.0,4
1599,222,2014-05,1,0.6,0.0,6
1599,222,2014-06,1,0.91,0.0,6
1599,222,2014-07,0,1.0,0.0,7
1599,222,2014-08,0,0.65,0.0,6
1599,223,2014-04,0,0.47000000000000003,0.0,4
1599,223,2014-05,1,0.87,0.0,6
1599,223,2014-06,5,1.92,0.0,3
1599,223,2014-07,0,1.8900000000000001,0.0,7
1599,223,2014-08,4,1.8199999999999998,0.0,4
1599,331,2014-04,0,0.6000000000000001,0.0,4
1599,331,2014-05,2,1.04,0.0,5
1599,331,2014-06,0,1.12,0.0,7
1599,331,2014-07,1,0.89,0.0,6
1599,331,2014-08,0,0.8200000000000001,0.0,6
1599,332,2014-04,0,0.31,0.0,4
1599,332,2014-05,0,0.6,0.0,7
1599,332,2014-06,1,0.46,0.0,6
1599,332,2014-07,0,0.88,0.0,7
1599,332,2014-08,1,0.79,0.0,5
1599,333,2014-04,1,0.32,0.0,3
1599,333,2014-05,1,1.1,0.0,6
1599,333,2014-06,1,1.11,0.0,6
1599,333,2014-07,0,0.95,0.0,7
1599,333,2014-08,0,0.5700000000000001,0.0,6
1629,111,2014-04,62,49.34,44.0,0
1629,111,2014-05,104,96.66,86.0,0
1629,111,2014-06,111,96.23,86.0,0
1629,111,2014-07,87,87.61,87.0,0
1629,111,2014-08,77,69.08,64.0,0
1629,112,2014-04,20,28.830000000000002,24.0,0
1629,112,2014-05,61,48.489999999999995,41.0,0
1629,112,2014-06,51,54.59,54.0,0
1629,112,2014-07,62,52.4,46.0,0
1629,112,2014-08,35,38.82,37.0,0
1629,113,2014-04,26,40.11,36.0,0
1629,113,2014-05,85,73.88,67.0,0
1629,113,2014-06,62,64.83,68.0,0
1629,113,2014-07,56,60.46,55.0,0
1629,113,2014-08,42,43.76,40.0,0
1629,114,2014-04,22,19.46,18.0,0
1629,114,2014-05,50,45.17,40.0,0
1629,114,2014-06,68,45.2,50.0,0
1629,114,2014-07,33,37.13,46.0,0
1629,114,2014-08,26,29.73,28.0,0
1629,221,2014-04,5,8.65,9.0,2
1629,221,2014-05,31,20.4,17.0,1
1629,221,2014-06,25,27.62,25.0,0
1629,221,2014-07,12,19.75,20.0,1
1629,221,2014-08,15,15.0,14.0,0
1629,222,2014-04,77,46.75,38.0,0
1629,222,2014-05,69,79.94,73.0,0
1629,222,2014-06,72,73.05,70.0,0
1629,222,2014-07,68,65.73,67.0,0
1629,222,2014-08,51,60.23,58.0,0
1629,223,2014-04,5,7.3,9.0,0
1629,223,2014-05,12,15.05,16.0,1
1629,223,2014-06,19,9.83,7.0,4
1629,223,2014-07,7,15.549999999999999,18.0,3
1629,223,2014-08,1,7.84,0.0,5
1629,331,2014-04,22,22.82,18.0,0
1629,331,2014-05,51,49.769999999999996,37.0,0
1629,331,2014-06,53,55.78,45.0,0
1629,331,2014-07,48,52.89,46.0,0
1629,331,2014-08,28,39.8,33.0,0
1629,332,2014-04,20,45.91,40.0,0
1629,332,2014-05,84,84.21000000000001,68.0,0
1629,332,2014-06,134,90.17,83.0,0
1629,332,2014-07,66,74.25999999999999,85.0,0
1629,332,2014-08,57,58.96,56.0,0
1629,333,2014-04,6,11.59,10.0,1
1629,333,2014-05,27,30.689999999999998,23.0,0
1629,333,2014-06,18,28.17,23.0,2
1629,333,2014-07,40,35.32,28.0,0
1629,333,2014-08,20,31.05,27.0,0
1672,111,2014-04,0,0.27,0.0,4
1672,111,2014-05,4,1.97,1.0,5
1672,111,2014-06,13,11.47,12.0,1
1672,111,2014-07,10,9.91,6.0,2
1672,111,2014-08,4,7.67,4.0,4
1672,112,2014-04,0,0.13,0.0,4
1672,112,2014-05,19,10.469999999999999,9.0,3
1672,112,2014-06,17,16.83,12.0,2
1672,112,2014-07,18,18.509999999999998,13.0,3
1672,112,2014-08,9,11.55,7.0,3
1672,113,2014-04,0,0.6,0.0,4
1672,113,2014-05,29,20.66,14.0,1
1672,113,2014-06,49,35.09,29.0,0
1672,113,2014-07,14,26.65,19.0,3
1672,113,2014-08,20,21.119999999999997,20.0,2
1672,114,2014-04,0,0.23,0.0,4
1672,114,2014-05,4,1.21,0.0,5
1672,114,2014-06,6,6.26,1.0,2
1672,114,2014-07,5,4.95,0.0,3
1672,114,2014-08,5,4.53,0.0,4
1672,221,2014-04,0,0.2,0.0,4
1672,221,2014-05,11,6.390000000000001,4.0,3
1672,221,2014-06,18,15.75,14.0,0
1672,221,2014-07,11,12.540000000000001,10.0,3
1672,221,2014-08,14,7.12,6.0,2
1672,222,2014-04,0,0.23,0.0,4
1672,222,2014-05,3,1.79,0.0,5
1672,222,2014-06,13,10.65,8.0,2
1672,222,2014-07,14,13.05,8.0,3
1672,222,2014-08,18,11.47,10.0,1
1672,223,2014-04,0,0.26,0.0,4
1672,223,2014-05,12,7.800000000000001,4.0,3
1672,223,2014-06,7,10.68,6.0,4
1672,223,2014-07,10,9.42,6.0,2
1672,223,2014-08,7,8.35,8.0,3
1672,331,2014-04,0,0.12,0.0,4
1672,331,2014-05,5,4.22,0.0,3
1672,331,2014-06,6,5.7700000000000005,2.0,3
1672,331,2014-07,4,5.64,1.0,5
1672,331,2014-08,5,4.09,0.0,3
1672,332,2014-04,0,0.19,0.0,4
1672,332,2014-05,14,7.6899999999999995,6.0,3
1672,332,2014-06,10,10.35,8.0,2
1672,332,2014-07,1,6.61,0.0,6
1672,332,2014-08,2,2.0700000000000003,0.0,5
1672,333,2014-04,0,0.24,0.0,4
1672,333,2014-05,7,7.2299999999999995,4.0,3
1672,333,2014-06,23,10.55,8.0,1
1672,333,2014-07,18,13.83,14.0,1
1672,333,2014-08,4,8.93,6.0,3
1694,111,2014-04,8,6.0,2.0,1
1694,111,2014-05,13,13.4,14.0,2
1694,111,2014-06,17,13.27,14.0,0
1694,111,2014-07,5,11.66,10.0,4
1694,111,2014-08,15,8.65,8.0,2
1694,112,2014-04,0,6.07,0.0,4
1694,112,2014-05,45,24.27,21.0,1
1694,112,2014-06,17,26.62,28.0,1
1694,112,2014-07,43,25.16,30.0,0
1694,112,2014-08,14,21.34,21.0,2
1694,113,2014-04,18,13.73,11.0,0
1694,113,2014-05,20,20.29,16.0,3
1694,113,2014-06,24,20.15,25.0,3
1694,113,2014-07,18,17.52,14.0,2
1694,113,2014-08,14,17.11,15.0,3
1694,114,2014-04,6,6.3,8.0,2
1694,114,2014-05,11,12.73,14.0,1
1694,114,2014-06,11,12.940000000000001,14.0,3
1694,114,2014-07,11,11.2,14.0,2
1694,114,2014-08,11,8.18,8.0,3
1694,221,2014-04,5,5.32,7.0,1
1694,221,2014-05,16,10.629999999999999,11.0,1
1694,221,2014-06,5,10.18,6.0,6
1694,221,2014-07,1,4.04,0.0,6
1694,221,2014-08,10,8.15,0.0,1
1694,222,2014-04,6,5.32,4.0,0
1694,222,2014-05,12,10.45,10.0,3
1694,222,2014-06,34,16.22,15.0,1
1694,222,2014-07,3,12.44,11.0,4
1694,222,2014-08,7,9.55,12.0,1
1694,223,2014-04,4,3.36,1.0,2
1694,223,2014-05,9,9.6,6.0,5
1694,223,2014-06,0,5.13,0.0,7
1694,223,2014-07,0,2.75,0.0,7
1694,223,2014-08,0,1.18,0.0,6
1694,331,2014-04,6,4.59,2.0,2
1694,331,2014-05,8,11.05,8.0,4
1694,331,2014-06,20,11.5,10.0,2
1694,331,2014-07,8,10.99,12.0,1
1694,331,2014-08,7,9.17,12.0,1
1694,332,2014-04,20,11.29,10.0,0
1694,332,2014-05,31,24.29,24.0,0
1694,332,2014-06,17,22.33,23.0,3
1694,332,2014-07,25,14.05,11.0,3
1694,332,2014-08,16,15.35,19.0,2
1694,333,2014-04,8,6.390000000000001,8.0,1
1694,333,2014-05,8,11.52,8.0,4
1694,333,2014-06,17,12.370000000000001,15.0,0
1694,333,2014-07,11,12.18,14.0,1
1694,333,2014-08,5,8.65,6.0,3
1727,111,2014-04,0,0.37,0.0,4
1727,111,2014-05,0,0.27999999999999997,0.0,7
1727,111,2014-06,0,0.19,0.0,7
1727,111,2014-07,0,0.18,0.0,7
1727,111,2014-08,0,0.13,0.0,6
1727,112,2014-04,0,0.27,0.0,4
1727,112,2014-05,0,0.4,0.0,7
1727,112,2014-06,0,0.34,0.0,7
1727,112,2014-07,0,0.32,0.0,7
1727,112,2014-08,0,0.26,0.0,6
1727,113,2014-04,0,0.64,0.0,4
1727,113,2014-05,0,0.43,0.0,7
1727,113,2014-06,1,1.35,0.0,6
1727,113,2014-07,1,2.12,0.0,6
1727,113,2014-08,0,0.9,0.0,6
1727,114,2014-04,0,0.19,0.0,4
1727,114,2014-05,0,0.19,0.0,7
1727,114,2014-06,0,0.12,0.0,7
1727,114,2014-07,0,0.11,0.0,7
1727,114,2014-08,0,0.08,0.0,6
1727,221,2014-04,0,0.54,0.0,4
1727,221,2014-05,0,0.8,0.0,7
1727,221,2014-06,0,0.59,0.0,7
1727,221,2014-07,0,0.48,0.0,7
1727,221,2014-08,0,0.35000000000000003,0.0,6
1727,222,2014-04,0,0.45999999999999996,0.0,4
1727,222,2014-05,0,0.26,0.0,7
1727,222,2014-06,0,0.12,0.0,7
1727,222,2014-07,0,0.11,0.0,7
1727,222,2014-08,0,0.08,0.0,6
1727,223,2014-04,0,0.25,0.0,4
1727,223,2014-05,0,0.13,0.0,7
1727,223,2014-06,0,0.11,0.0,7
1727,223,2014-07,0,0.11,0.0,7
1727,223,2014-08,0,0.08,0.0,6
1727,331,2014-04,0,0.42000000000000004,0.0,4
1727,331,2014-05,0,0.2,0.0,7
1727,331,2014-06,0,0.12,0.0,7
1727,331,2014-07,0,0.11,0.0,7
1727,331,2014-08,0,0.08,0.0,6
1727,332,2014-04,0,0.31,0.0,4
1727,332,2014-05,0,0.26,0.0,7
1727,332,2014-06,0,0.15,0.0,7
1727,332,2014-07,0,0.13,0.0,7
1727,332,2014-08,0,0.08,0.0,6
1727,333,2014-04,0,0.4,0.0,4
1727,333,2014-05,0,0.94,0.0,7
1727,333,2014-06,0,0.65,0.0,7
1727,333,2014-07,0,0.48,0.0,7
1727,333,2014-08,0,0.34,0.0,6
1753,111,2014-04,15,5.3100000000000005,2.0,0
1753,111,2014-05,12,13.399999999999999,14.0,3
1753,111,2014-06,7,10.1,6.0,3
1753,111,2014-07,3,9.27,4.0,5
1753,111,2014-08,0,3.57,0.0,6
1753,112,2014-04,10,8.85,9.0,0
1753,112,2014-05,29,21.93,20.0,1
1753,112,2014-06,23,19.34,21.0,2
1753,112,2014-07,20,14.58,14.0,1
1753,112,2014-08,18,13.76,13.0,1
1753,113,2014-04,8,7.16,6.0,1
1753,113,2014-05,19,14.43,14.0,2
1753,113,2014-06,25,17.14,16.0,0
1753,113,2014-07,16,16.02,17.0,2
1753,113,2014-08,0,6.66,0.0,6
1753,114,2014-04,3,2.1100000000000003,0.0,2
1753,114,2014-05,3,4.29,0.0,4
1753,114,2014-06,10,6.27,0.0,3
1753,114,2014-07,7,6.55,0.0,2
1753,114,2014-08,7,6.01,0.0,0
1753,221,2014-04,6,10.98,3.0,1
1753,221,2014-05,4,6.54,0.0,3
1753,221,2014-06,12,8.46,2.0,3
1753,221,2014-07,4,6.9,0.0,6
1753,221,2014-08,0,1.74,0.0,6
1753,222,2014-04,0,1.91,0.0,4
1753,222,2014-05,4,3.93,0.0,4
1753,222,2014-06,7,5.36,0.0,2
1753,222,2014-07,8,6.24,0.0,4
1753,222,2014-08,0,3.61,0.0,6
1753,223,2014-04,2,1.26,0.0,3
1753,223,2014-05,4,4.49,0.0,4
1753,223,2014-06,39,12.47,5.0,0
1753,223,2014-07,4,14.09,4.0,4
1753,223,2014-08,0,4.9399999999999995,0.0,6
1753,331,2014-04,2,2.46,0.0,2
1753,331,2014-05,5,5.33,0.0,5
1753,331,2014-06,6,5.2,0.0,4
1753,331,2014-07,2,4.97,0.0,5
1753,331,2014-08,8,4.81,0.0,3
1753,332,2014-04,2,1.6400000000000001,0.0,3
1753,332,2014-05,3,3.63,0.0,5
1753,332,2014-06,4,3.91,0.0,3
1753,332,2014-07,1,3.5700000000000003,0.0,6
1753,332,2014-08,2,2.81,0.0,4
1753,333,2014-04,1,3.25,0.0,3
1753,333,2014-05,3,4.76,0.0,5
1753,333,2014-06,5,4.07,0.0,5
1753,333,2014-07,0,4.03,0.0,7
1753,333,2014-08,0,2.0700000000000003,0.0,6
2294,111,2014-04,4,2.38,0.0,2
2294,111,2014-05,6,10.84,4.0,2
2294,111,2014-06,8,9.15,4.0,1
2294,111,2014-07,9,8.88,4.0,3
2294,111,2014-08,6,7.68,4.0,2
2294,112,2014-04,8,2.69,0.0,3
2294,112,2014-05,3,9.86,2.0,4
2294,112,2014-06,1,4.71,0.0,6
2294,112,2014-07,10,4.95,0.0,6
2294,112,2014-08,1,4.58,0.0,5
2294,113,2014-04,14,8.0,8.0,0
2294,113,2014-05,2,9.17,5.0,6
2294,113,2014-06,50,12.92,9.0,2
2294,113,2014-07,3,14.01,10.0,4
2294,113,2014-08,3,5.96,0.0,4
2294,114,2014-04,3,1.79,0.0,1
2294,114,2014-05,2,3.24,0.0,5
2294,114,2014-06,3,3.25,0.0,5
2294,114,2014-07,3,3.06,0.0,5
2294,114,2014-08,2,2.72,0.0,4
2294,221,2014-04,6,6.74,3.0,1
2294,221,2014-05,21,20.42,17.0,1
2294,221,2014-06,80,34.52,30.0,0
2294,221,2014-07,36,51.230000000000004,56.0,1
2294,221,2014-08,7,16.67,15.0,3
2294,222,2014-04,2,7.22,1.0,3
2294,222,2014-05,2,3.3,0.0,5
2294,222,2014-06,30,12.25,4.0,1
2294,222,2014-07,5,12.71,6.0,5
2294,222,2014-08,3,6.32,0.0,4
2294,223,2014-04,4,4.71,3.0,2
2294,223,2014-05,10,10.15,8.0,2
2294,223,2014-06,22,13.4,13.0,1
2294,223,2014-07,14,14.29,11.0,3
2294,223,2014-08,28,11.26,8.0,2
2294,331,2014-04,4,6.49,5.0,2
2294,331,2014-05,10,7.73,4.0,2
2294,331,2014-06,9,7.79,6.0,4
2294,331,2014-07,2,7.33,2.0,5
2294,331,2014-08,0,4.64,0.0,6
2294,332,2014-04,2,4.73,8.0,2
2294,332,2014-05,13,11.02,10.0,1
2294,332,2014-06,1,9.4,2.0,6
2294,332,2014-07,0,2.8899999999999997,0.0,7
2294,332,2014-08,0,0.94,0.0,6
2294,333,2014-04,7,8.0,10.0,1
2294,333,2014-05,23,19.16,22.0,0
2294,333,2014-06,59,23.740000000000002,27.0,0
2294,333,2014-07,26,31.68,34.0,0
2294,333,2014-08,10,16.42,20.0,1
2332,111,2014-04,25,22.93,20.0,0
2332,111,2014-05,31,42.08,36.0,0
2332,111,2014-06,41,36.95,32.0,0
2332,111,2014-07,19,29.82,29.0,1
2332,111,2014-08,27,23.44,21.0,0
2332,112,2014-04,10,14.93,16.0,0
2332,112,2014-05,18,23.1,23.0,1
2332,112,2014-06,21,22.25,23.0,0
2332,112,2014-07,24,20.59,23.0,0
2332,112,2014-08,16,15.11,16.0,1
2332,113,2014-04,62,69.32,51.0,0
2332,113,2014-05,114,114.03,95.0,0
2332,113,2014-06,118,94.47,93.0,0
2332,113,2014-07,126,90.63,94.0,0
2332,113,2014-08,90,86.8,75.0,0
2332,114,2014-04,23,14.07,15.0,0
2332,114,2014-05,31,30.380000000000003,29.0,1
2332,114,2014-06,38,30.68,31.0,0
2332,114,2014-07,23,28.240000000000002,29.0,2
2332,114,2014-08,23,19.03,20.0,0
2332,221,2014-04,9,8.870000000000001,9.0,1
2332,221,2014-05,10,16.8,15.0,1
2332,221,2014-06,22,16.39,15.0,0
2332,221,2014-07,12,16.06,15.0,2
2332,221,2014-08,8,11.92,12.0,1
2332,222,2014-04,7,7.59,6.0,1
2332,222,2014-05,13,17.58,15.0,2
2332,222,2014-06,17,15.69,14.0,0
2332,222,2014-07,15,15.55,14.0,1
2332,222,2014-08,16,11.25,10.0,3
2332,223,2014-04,4,6.9,8.0,1
2332,223,2014-05,9,11.76,14.0,0
2332,223,2014-06,15,11.82,14.0,2
2332,223,2014-07,15,10.9,12.0,1
2332,223,2014-08,3,7.57,6.0,4
2332,331,2014-04,12,10.69,9.0,0
2332,331,2014-05,14,20.36,16.0,0
2332,331,2014-06,17,17.05,15.0,1
2332,331,2014-07,19,16.7,16.0,0
2332,331,2014-08,11,13.24,13.0,1
2332,332,2014-04,10,12.96,13.0,0
2332,332,2014-05,28,23.89,24.0,1
2332,332,2014-06,31,23.44,26.0,0
2332,332,2014-07,21,22.95,25.0,1
2332,332,2014-08,13,14.83,17.0,0
2332,333,2014-04,6,7.75,8.0,2
2332,333,2014-05,17,15.93,14.0,1
2332,333,2014-06,10,14.77,14.0,3
2332,333,2014-07,10,13.61,14.0,1
2332,333,2014-08,16,11.129999999999999,12.0,0
2492,111,2014-04,17,12.450000000000001,13.0,0
2492,111,2014-05,23,24.64,24.0,1
2492,111,2014-06,18,22.92,24.0,0
2492,111,2014-07,26,21.89,23.0,0
2492,111,2014-08,17,16.66,19.0,0
2492,112,2014-04,0,0.27,0.0,4
2492,112,2014-05,0,0.53,0.0,7
2492,112,2014-06,0,0.43000000000000005,0.0,7
2492,112,2014-07,0,0.4,0.0,7
2492,112,2014-08,0,0.33999999999999997,0.0,6
2492,113,2014-04,16,19.69,18.0,0
2492,113,2014-05,40,41.31,34.0,0
2492,113,2014-06,35,32.92,31.0,0
2492,113,2014-07,32,32.23,35.0,0
2492,113,2014-08,21,22.11,22.0,1
2492,114,2014-04,3,5.87,8.0,2
2492,114,2014-05,11,8.23,4.0,2
2492,114,2014-06,6,8.56,6.0,5
2492,114,2014-07,2,3.45,0.0,5
2492,114,2014-08,12,6.390000000000001,2.0,0
2492,221,2014-04,1,6.36,6.0,3
2492,221,2014-05,7,8.34,4.0,3
2492,221,2014-06,19,12.32,12.0,1
2492,221,2014-07,27,17.85,15.0,0
2492,221,2014-08,12,15.0,14.0,1
2492,222,2014-04,0,1.02,0.0,4
2492,222,2014-05,2,3.39,0.0,6
2492,222,2014-06,0,1.3900000000000001,0.0,7
2492,222,2014-07,3,1.28,0.0,5
2492,222,2014-08,14,9.07,2.0,0
2492,223,2014-04,4,3.27,1.0,1
2492,223,2014-05,17,11.92,12.0,0
2492,223,2014-06,10,13.98,14.0,3
2492,223,2014-07,11,11.620000000000001,12.0,3
2492,223,2014-08,6,8.61,10.0,2
2492,331,2014-04,4,1.1600000000000001,1.0,2
2492,331,2014-05,24,19.04,14.0,1
2492,331,2014-06,27,19.36,16.0,1
2492,331,2014-07,16,19.44,17.0,1
2492,331,2014-08,9,13.46,13.0,0
2492,332,2014-04,1,7.43,4.0,3
2492,332,2014-05,3,6.66,0.0,5
2492,332,2014-06,7,8.51,3.0,3
2492,332,2014-07,0,4.34,0.0,7
2492,332,2014-08,0,1.78,0.0,6
2492,333,2014-04,10,6.52,6.0,0
2492,333,2014-05,16,11.9,10.0,3
2492,333,2014-06,12,12.73,14.0,2
2492,333,2014-07,6,8.719999999999999,4.0,4
2492,333,2014-08,2,5.0,0.0,4
2768,111,2014-04,6,2.06,1.0,1
2768,111,2014-05,0,3.55,0.0,7
2768,111,2014-06,2,3.3,0.0,5
2768,111,2014-07,5,3.09,0.0,4
2768,111,2014-08,1,2.55,0.0,5
2768,112,2014-04,1,1.09,0.0,3
2768,112,2014-05,0,2.02,0.0,7
2768,112,2014-06,4,1.81,0.0,4
2768,112,2014-07,1,2.84,0.0,6
2768,112,2014-08,3,2.22,0.0,4
2768,113,2014-04,2,2.97,1.0,2
2768,113,2014-05,4,5.21,0.0,4
2768,113,2014-06,9,5.4,2.0,1
2768,113,2014-07,4,5.07,0.0,3
2768,113,2014-08,9,4.46,0.0,1
2768,114,2014-04,1,1.18,0.0,3
2768,114,2014-05,2,1.8599999999999999,0.0,6
2768,114,2014-06,0,1.12,0.0,7
2768,114,2014-07,2,0.59,0.0,6
2768,114,2014-08,3,1.37,0.0,4
2768,221,2014-04,1,1.66,0.0,3
2768,221,2014-05,3,2.77,0.0,4
2768,221,2014-06,2,2.5,0.0,5
2768,221,2014-07,1,2.33,0.0,6
2768,221,2014-08,1,1.6099999999999999,0.0,5
2768,222,2014-04,1,1.15,0.0,3
2768,222,2014-05,4,2.46,0.0,5
2768,222,2014-06,2,2.26,0.0,6
2768,222,2014-07,2,2.03,0.0,5
2768,222,2014-08,3,1.74,0.0,5
2768,223,2014-04,1,0.91,0.0,3
2768,223,2014-05,0,1.3,0.0,7
2768,223,2014-06,2,1.45,0.0,5
2768,223,2014-07,1,1.4,0.0,6
2768,223,2014-08,3,1.3,0.0,4
2768,331,2014-04,2,1.9,0.0,2
2768,331,2014-05,5,3.38,0.0,4
2768,331,2014-06,8,4.09,0.0,2
2768,331,2014-07,4,4.39,0.0,3
2768,331,2014-08,3,3.1100000000000003,0.0,3
2768,332,2014-04,2,3.25,0.0,2
2768,332,2014-05,10,5.86,2.0,2
2768,332,2014-06,2,5.72,2.0,5
2768,332,2014-07,8,5.57,0.0,3
2768,332,2014-08,2,4.81,2.0,5
2768,333,2014-04,2,2.5700000000000003,0.0,2
2768,333,2014-05,6,5.07,0.0,2
2768,333,2014-06,8,5.5,0.0,2
2768,333,2014-07,3,5.0,0.0,5
2768,333,2014-08,6,3.7199999999999998,0.0,2
2794,111,2014-04,12,9.74,9.0,1
2794,111,2014-05,17,20.94,16.0,0
2794,111,2014-06,19,20.63,17.0,1
2794,111,2014-07,14,17.82,15.0,1
2794,111,2014-08,18,14.21,13.0,0
2794,112,2014-04,6,7.1,6.0,1
2794,112,2014-05,10,15.0,14.0,0
2794,112,2014-06,21,16.24,15.0,0
2794,112,2014-07,22,18.89,15.0,0
2794,112,2014-08,10,13.57,13.0,1
2794,113,2014-04,8,9.14,9.0,1
2794,113,2014-05,18,19.65,17.0,0
2794,113,2014-06,14,18.66,16.0,2
2794,113,2014-07,12,15.17,14.0,0
2794,113,2014-08,6,10.39,10.0,4
2794,114,2014-04,5,5.46,6.0,2
2794,114,2014-05,7,9.79,14.0,2
2794,114,2014-06,12,10.0,14.0,2
2794,114,2014-07,6,8.3,8.0,4
2794,114,2014-08,12,7.62,12.0,0
2794,221,2014-04,4,2.4699999999999998,0.0,0
2794,221,2014-05,4,4.2700000000000005,0.0,3
2794,221,2014-06,10,5.9399999999999995,2.0,3
2794,221,2014-07,6,6.26,0.0,4
2794,221,2014-08,1,3.31,0.0,5
2794,222,2014-04,3,4.3100000000000005,4.0,1
2794,222,2014-05,6,7.48,8.0,4
2794,222,2014-06,10,8.19,10.0,1
2794,222,2014-07,4,7.36,8.0,3
2794,222,2014-08,8,5.890000000000001,4.0,3
2794,223,2014-04,2,2.82,0.0,3
2794,223,2014-05,5,4.23,0.0,3
2794,223,2014-06,1,4.2,0.0,6
2794,223,2014-07,7,4.05,0.0,2
2794,223,2014-08,2,3.25,0.0,4
2794,331,2014-04,6,3.43,1.0,1
2794,331,2014-05,5,6.99,3.0,2
2794,331,2014-06,7,6.77,4.0,2
2794,331,2014-07,8,7.48,4.0,3
2794,331,2014-08,11,6.42,3.0,1
2794,332,2014-04,3,3.27,0.0,2
2794,332,2014-05,1,5.79,2.0,6
2794,332,2014-06,16,10.08,12.0,0
2794,332,2014-07,7,9.53,10.0,4
2794,332,2014-08,9,5.87,2.0,2
2794,333,2014-04,2,4.49,2.0,3
2794,333,2014-05,9,9.14,10.0,2
2794,333,2014-06,13,9.34,14.0,0
2794,333,2014-07,8,9.73,14.0,4
2794,333,2014-08,12,6.92,4.0,1
2818,111,2014-04,0,0.29000000000000004,0.0,4
2818,111,2014-05,6,2.04,0.0,5
2818,111,2014-06,8,4.47,2.0,2
2818,111,2014-07,5,4.39,0.0,3
2818,111,2014-08,4,2.84,0.0,3
2818,112,2014-04,3,1.27,0.0,2
2818,112,2014-05,13,5.16,4.0,2
2818,112,2014-06,2,6.58,2.0,5
2818,112,2014-07,5,4.43,0.0,5
2818,112,2014-08,4,4.12,1.0,2
2818,113,2014-04,2,1.68,0.0,2
2818,113,2014-05,6,5.37,0.0,3
2818,113,2014-06,3,5.76,1.0,5
2818,113,2014-07,8,5.94,0.0,2
2818,113,2014-08,6,5.97,1.0,2
2818,114,2014-04,3,1.19,0.0,2
2818,114,2014-05,1,2.06,0.0,6
2818,114,2014-06,3,1.96,0.0,5
2818,114,2014-07,3,2.13,0.0,4
2818,114,2014-08,1,1.57,0.0,5
2818,221,2014-04,2,1.21,0.0,3
2818,221,2014-05,1,1.84,0.0,6
2818,221,2014-06,3,1.67,0.0,5
2818,221,2014-07,0,1.55,0.0,7
2818,221,2014-08,3,1.29,0.0,3
2818,222,2014-04,4,2.09,0.0,1
2818,222,2014-05,5,3.3,0.0,3
2818,222,2014-06,1,3.1100000000000003,0.0,6
2818,222,2014-07,4,2.75,0.0,4
2818,222,2014-08,3,2.41,0.0,4
2818,223,2014-04,2,1.13,0.0,3
2818,223,2014-05,5,3.4000000000000004,0.0,3
2818,223,2014-06,4,3.31,0.0,3
2818,223,2014-07,8,4.3,0.0,3
2818,223,2014-08,5,3.58,0.0,4
2818,331,2014-04,2,1.27,0.0,3
2818,331,2014-05,0,1.84,0.0,7
2818,331,2014-06,1,1.58,0.0,6
2818,331,2014-07,3,1.13,0.0,6
2818,331,2014-08,3,1.5899999999999999,0.0,4
2818,332,2014-04,0,1.2999999999999998,0.0,4
2818,332,2014-05,5,2.39,0.0,4
2818,332,2014-06,10,4.32,0.0,2
2818,332,2014-07,5,4.79,1.0,3
2818,332,2014-08,1,3.49,0.0,5
2818,333,2014-04,0,0.16,0.0,4
2818,333,2014-05,2,1.69,0.0,6
2818,333,2014-06,1,1.9000000000000001,0.0,6
2818,333,2014-07,1,1.49,0.0,6
2818,333,2014-08,0,1.28,0.0,6
2853,111,2014-04,25,13.11,10.0,0
2853,111,2014-05,22,24.560000000000002,26.0,1
2853,111,2014-06,24,19.86,21.0,1
2853,111,2014-07,17,18.78,19.0,0
2853,111,2014-08,7,13.23,13.0,2
2853,112,2014-04,9,8.31,3.0,2
2853,112,2014-05,17,18.86,16.0,1
2853,112,2014-06,12,16.71,16.0,2
2853,112,2014-07,13,16.35,14.0,0
2853,112,2014-08,11,11.969999999999999,12.0,1
2853,113,2014-04,8,12.72,13.0,0
2853,113,2014-05,28,26.47,23.0,0
2853,113,2014-06,21,22.77,23.0,0
2853,113,2014-07,13,19.04,18.0,1
2853,113,2014-08,8,13.46,13.0,2
2853,114,2014-04,31,11.45,10.0,0
2853,114,2014-05,12,19.82,28.0,0
2853,114,2014-06,18,16.45,17.0,1
2853,114,2014-07,11,15.87,16.0,1
2853,114,2014-08,12,10.73,12.0,2
2853,221,2014-04,26,12.64,9.0,0
2853,221,2014-05,26,24.11,28.0,2
2853,221,2014-06,22,20.7,22.0,0
2853,221,2014-07,22,19.47,22.0,0
2853,221,2014-08,10,14.32,17.0,2
2853,222,2014-04,15,12.860000000000001,13.0,1
2853,222,2014-05,32,25.880000000000003,31.0,1
2853,222,2014-06,9,16.04,20.0,3
2853,222,2014-07,12,14.96,12.0,2
2853,222,2014-08,12,13.98,13.0,0
2853,223,2014-04,26,14.75,14.0,1
2853,223,2014-05,22,30.99,32.0,0
2853,223,2014-06,31,25.12,24.0,0
2853,223,2014-07,30,26.830000000000002,29.0,1
2853,223,2014-08,12,16.32,19.0,1
2853,331,2014-04,17,12.02,10.0,0
2853,331,2014-05,12,19.33,17.0,2
2853,331,2014-06,27,17.52,17.0,1
2853,331,2014-07,13,16.92,17.0,1
2853,331,2014-08,11,11.74,13.0,1
2853,332,2014-04,17,12.6,11.0,0
2853,332,2014-05,19,21.24,22.0,1
2853,332,2014-06,17,18.6,18.0,0
2853,332,2014-07,16,17.11,16.0,1
2853,332,2014-08,14,12.7,13.0,1
2853,333,2014-04,11,9.2,9.0,0
2853,333,2014-05,15,14.46,11.0,4
2853,333,2014-06,15,15.120000000000001,14.0,0
2853,333,2014-07,10,14.02,14.0,2
2853,333,2014-08,9,10.59,12.0,1
2932,111,2014-04,4,6.12,8.0,2
2932,111,2014-05,17,12.780000000000001,14.0,1
2932,111,2014-06,13,13.35,14.0,2
2932,111,2014-07,9,10.61,14.0,3
2932,111,2014-08,12,8.95,12.0,2
2932,112,2014-04,5,3.92,1.0,2
2932,112,2014-05,4,8.36,6.0,6
2932,112,2014-06,10,8.96,4.0,3
2932,112,2014-07,6,8.530000000000001,6.0,4
2932,112,2014-08,5,7.7,4.0,2
2932,113,2014-04,7,11.67,9.0,0
2932,113,2014-05,28,24.06,22.0,1
2932,113,2014-06,16,21.580000000000002,22.0,3
2932,113,2014-07,20,17.48,13.0,1
2932,113,2014-08,17,14.96,13.0,0
2932,114,2014-04,8,5.59,6.0,0
2932,114,2014-05,15,12.43,14.0,0
2932,114,2014-06,13,12.129999999999999,14.0,1
2932,114,2014-07,13,12.08,14.0,2
2932,114,2014-08,15,8.13,10.0,1
2932,221,2014-04,5,4.24,4.0,1
2932,221,2014-05,9,8.780000000000001,12.0,1
2932,221,2014-06,5,8.35,8.0,3
2932,221,2014-07,5,6.62,4.0,3
2932,221,2014-08,4,4.76,2.0,4
2932,222,2014-04,3,3.79,4.0,2
2932,222,2014-05,11,9.28,12.0,2
2932,222,2014-06,13,10.8,14.0,2
2932,222,2014-07,9,9.49,12.0,2
2932,222,2014-08,4,7.87,10.0,3
2932,223,2014-04,0,1.5,0.0,4
2932,223,2014-05,0,1.55,0.0,7
2932,223,2014-06,0,0.72,0.0,7
2932,223,2014-07,0,0.3,0.0,7
2932,223,2014-08,0,0.08,0.0,6
2932,331,2014-04,8,5.05,6.0,1
2932,331,2014-05,15,11.83,14.0,0
2932,331,2014-06,15,12.74,14.0,2
2932,331,2014-07,13,11.17,14.0,2
2932,331,2014-08,10,9.559999999999999,12.0,0
2932,332,2014-04,2,2.98,1.0,2
2932,332,2014-05,5,4.9399999999999995,1.0,4
2932,332,2014-06,7,6.6,0.0,4
2932,332,2014-07,2,4.46,0.0,6
2932,332,2014-08,3,3.1799999999999997,0.0,4
2932,333,2014-04,4,6.75,8.0,0
2932,333,2014-05,18,14.11,14.0,0
2932,333,2014-06,18,13.69,14.0,1
2932,333,2014-07,6,12.22,12.0,3
2932,333,2014-08,8,9.22,12.0,2
2935,111,2014-04,16,40.21,34.0,0
2935,111,2014-05,132,78.15,79.0,0
2935,111,2014-06,113,67.78,88.0,0
2935,111,2014-07,65,38.78,74.0,1
2935,111,2014-08,34,41.230000000000004,45.0,1
2935,112,2014-04,25,18.96,17.0,0
2935,112,2014-05,20,41.06,32.0,2
2935,112,2014-06,19,31.79,24.0,3
2935,112,2014-07,16,43.55,17.0,3
2935,112,2014-08,101,34.129999999999995,16.0,1
2935,113,2014-04,82,58.29,53.0,0
2935,113,2014-05,35,85.66,47.0,4
2935,113,2014-06,160,117.61,110.0,0
2935,113,2014-07,119,86.23,87.0,0
2935,113,2014-08,55,67.59,61.0,0
2935,114,2014-04,38,22.89,12.0,0
2935,114,2014-05,35,31.34,42.0,1
2935,114,2014-06,9,23.43,18.0,4
2935,114,2014-07,19,29.79,20.0,1
2935,114,2014-08,40,27.15,26.0,2
2935,221,2014-04,2,2.7600000000000002,0.0,3
2935,221,2014-05,0,8.46,0.0,7
2935,221,2014-06,0,5.1,0.0,7
2935,221,2014-07,37,33.03,12.0,2
2935,221,2014-08,58,54.4,31.0,1
2935,222,2014-04,67,43.0,35.0,0
2935,222,2014-05,76,71.21,80.0,0
2935,222,2014-06,47,63.39,66.0,1
2935,222,2014-07,81,41.79,52.0,1
2935,222,2014-08,55,39.47,52.0,0
2935,223,2014-04,1,19.81,4.0,3
2935,223,2014-05,1,8.879999999999999,0.0,6
2935,223,2014-06,36,11.73,0.0,5
2935,223,2014-07,44,61.78,41.0,1
2935,223,2014-08,48,39.67,36.0,0
2935,331,2014-04,17,16.34,21.0,2
2935,331,2014-05,19,34.480000000000004,19.0,4
2935,331,2014-06,86,50.16,47.0,1
2935,331,2014-07,55,51.980000000000004,59.0,0
2935,331,2014-08,31,36.76,35.0,1
2935,332,2014-04,82,70.05,69.0,0
2935,332,2014-05,963,191.63,210.0,0
2935,332,2014-06,697,266.05,235.0,0
2935,332,2014-07,113,136.44,122.0,2
2935,332,2014-08,147,155.95,92.0,0
2935,333,2014-04,44,44.4,41.0,1
2935,333,2014-05,128,132.3,117.0,0
2935,333,2014-06,51,94.83,71.0,5
2935,333,2014-07,76,84.06,49.0,1
2935,333,2014-08,72,64.78,62.0,0
3004,111,2014-04,29,16.48,15.0,0
3004,111,2014-05,8,20.990000000000002,20.0,5
3004,111,2014-06,0,3.8200000000000003,0.0,7
3004,111,2014-07,0,2.08,0.0,7
3004,111,2014-08,0,1.06,0.0,6
3004,112,2014-04,8,9.719999999999999,9.0,0
3004,112,2014-05,2,10.41,9.0,5
3004,112,2014-06,0,4.14,0.0,7
3004,112,2014-07,0,1.86,0.0,7
3004,112,2014-08,0,0.81,0.0,6
3004,113,2014-04,5,11.2,15.0,1
3004,113,2014-05,0,7.82,5.0,7
3004,113,2014-06,0,1.8,0.0,7
3004,113,2014-07,0,1.21,0.0,7
3004,113,2014-08,0,0.84,0.0,6
3004,114,2014-04,8,8.879999999999999,9.0,0
3004,114,2014-05,18,17.990000000000002,21.0,3
3004,114,2014-06,0,6.96,0.0,7
3004,114,2014-07,0,3.31,0.0,7
3004,114,2014-08,0,1.56,0.0,6
3004,221,2014-04,0,2.23,0.0,4
3004,221,2014-05,0,2.92,0.0,7
3004,221,2014-06,0,1.56,0.0,7
3004,221,2014-07,0,0.92,0.0,7
3004,221,2014-08,0,0.46,0.0,6
3004,222,2014-04,12,20.53,18.0,0
3004,222,2014-05,4,24.3,18.0,6
3004,222,2014-06,0,5.22,0.0,7
3004,222,2014-07,0,4.05,0.0,7
3004,222,2014-08,0,1.5899999999999999,0.0,6
3004,223,2014-04,19,20.45,18.0,0
3004,223,2014-05,17,33.230000000000004,34.0,3
3004,223,2014-06,0,7.24,0.0,7
3004,223,2014-07,0,3.57,0.0,7
3004,223,2014-08,0,2.13,0.0,6
3004,331,2014-04,20,14.24,12.0,0
3004,331,2014-05,7,20.87,18.0,5
3004,331,2014-06,0,4.04,0.0,7
3004,331,2014-07,0,2.63,0.0,7
3004,331,2014-08,0,1.32,0.0,6
3004,332,2014-04,15,23.689999999999998,19.0,0
3004,332,2014-05,18,38.24,37.0,3
3004,332,2014-06,0,5.55,0.0,7
3004,332,2014-07,0,2.54,0.0,7
3004,332,2014-08,0,1.15,0.0,6
3004,333,2014-04,15,19.5,17.0,0
3004,333,2014-05,36,44.25,40.0,1
3004,333,2014-06,17,23.509999999999998,24.0,4
3004,333,2014-07,0,6.970000000000001,0.0,7
3004,333,2014-08,0,2.8,0.0,6
3008,111,2014-04,9,6.65,9.0,1
3008,111,2014-05,9,12.87,10.0,3
3008,111,2014-06,6,10.34,4.0,6
3008,111,2014-07,8,7.99,2.0,4
3008,111,2014-08,9,9.16,6.0,2
3008,112,2014-04,2,3.95,0.0,3
3008,112,2014-05,8,9.1,6.0,2
3008,112,2014-06,9,9.44,4.0,3
3008,112,2014-07,16,8.61,4.0,4
3008,112,2014-08,4,5.66,2.0,3
3008,113,2014-04,5,9.8,9.0,0
3008,113,2014-05,14,18.97,16.0,0
3008,113,2014-06,15,17.12,16.0,0
3008,113,2014-07,17,15.15,12.0,2
3008,113,2014-08,10,12.02,6.0,4
3008,114,2014-04,3,3.32,2.0,1
3008,114,2014-05,5,6.08,2.0,3
3008,114,2014-06,4,5.16,0.0,6
3008,114,2014-07,7,4.63,0.0,3
3008,114,2014-08,6,5.05,0.0,3
3008,221,2014-04,1,3.52,0.0,3
3008,221,2014-05,3,4.8,0.0,4
3008,221,2014-06,8,6.33,0.0,2
3008,221,2014-07,10,6.390000000000001,2.0,3
3008,221,2014-08,4,6.17,2.0,4
3008,222,2014-04,7,3.81,2.0,1
3008,222,2014-05,3,6.18,2.0,4
3008,222,2014-06,5,6.25,0.0,4
3008,222,2014-07,2,4.17,0.0,5
3008,222,2014-08,4,4.1,0.0,3
3008,223,2014-04,5,3.46,0.0,2
3008,223,2014-05,11,7.64,4.0,3
3008,223,2014-06,2,6.89,2.0,5
3008,223,2014-07,5,5.93,0.0,4
3008,223,2014-08,4,3.41,0.0,3
3008,331,2014-04,6,6.67,6.0,0
3008,331,2014-05,6,11.379999999999999,10.0,3
3008,331,2014-06,16,11.190000000000001,14.0,1
3008,331,2014-07,6,9.76,6.0,5
3008,331,2014-08,13,7.28,8.0,1
3008,332,2014-04,11,5.54,5.0,1
3008,332,2014-05,12,13.23,16.0,2
3008,332,2014-06,12,11.45,14.0,2
3008,332,2014-07,14,10.95,12.0,1
3008,332,2014-08,7,8.870000000000001,12.0,3
3008,333,2014-04,2,5.6,4.0,2
3008,333,2014-05,12,11.969999999999999,12.0,1
3008,333,2014-06,13,12.71,14.0,1
3008,333,2014-07,14,12.27,14.0,1
3008,333,2014-08,8,8.62,10.0,3
3021,111,2014-04,0,0.53,0.0,4
3021,111,2014-05,0,0.93,0.0,7
3021,111,2014-06,2,1.43,0.0,6
3021,111,2014-07,2,1.5899999999999999,0.0,6
3021,111,2014-08,0,1.05,0.0,6
3021,112,2014-04,0,0.04,0.0,4
3021,112,2014-05,0,0.13,0.0,7
3021,112,2014-06,0,0.08,0.0,7
3021,112,2014-07,0,0.05,0.0,7
3021,112,2014-08,0,0.03,0.0,6
3021,113,2014-04,2,0.39,0.0,3
3021,113,2014-05,7,3.51,0.0,3
3021,113,2014-06,5,4.52,0.0,5
3021,113,2014-07,3,3.99,0.0,5
3021,113,2014-08,1,2.33,0.0,5
3021,114,2014-04,1,0.7,0.0,3
3021,114,2014-05,0,0.77,0.0,7
3021,114,2014-06,0,0.42000000000000004,0.0,7
3021,114,2014-07,0,0.24,0.0,7
3021,114,2014-08,0,0.12,0.0,6
3021,221,2014-04,0,0.23,0.0,4
3021,221,2014-05,0,0.84,0.0,7
3021,221,2014-06,1,1.04,0.0,6
3021,221,2014-07,1,1.36,0.0,6
3021,221,2014-08,0,0.86,0.0,6
3021,222,2014-04,1,0.55,0.0,3
3021,222,2014-05,2,2.21,0.0,5
3021,222,2014-06,2,1.77,0.0,5
3021,222,2014-07,1,1.57,0.0,6
3021,222,2014-08,1,1.34,0.0,5
3021,223,2014-04,0,0.30000000000000004,0.0,4
3021,223,2014-05,0,0.29,0.0,7
3021,223,2014-06,0,0.15,0.0,7
3021,223,2014-07,0,0.07,0.0,7
3021,223,2014-08,0,0.02,0.0,6
3021,331,2014-04,1,0.87,0.0,3
3021,331,2014-05,1,1.77,0.0,6
3021,331,2014-06,2,1.74,0.0,5
3021,331,2014-07,1,1.73,0.0,6
3021,331,2014-08,1,1.31,0.0,5
3021,332,2014-04,0,0.07,0.0,4
3021,332,2014-05,0,0.34,0.0,7
3021,332,2014-06,0,0.29000000000000004,0.0,7
3021,332,2014-07,0,0.24,0.0,7
3021,332,2014-08,0,0.18,0.0,6
3021,333,2014-04,1,0.54,0.0,3
3021,333,2014-05,0,1.17,0.0,7
3021,333,2014-06,0,0.64,0.0,7
3021,333,2014-07,1,0.81,0.0,6
3021,333,2014-08,0,0.59,0.0,6
